residue,prediction
Q7Z1V1_TYR_103_A,1 ok
Q7Z1V1_MET_106_A,1
Q7Z1V1_PHE_110_A,1 ok
Q7Z1V1_TYR_116_A,1 ok
Q7Z1V1_ARG_124_A,1 ok
Q7Z1V1_LEU_127_A,1 ok
Q7Z1V1_ALA_287_A,1 ok
Q7Z1V1_PHE_290_A,1 
Q7Z1V1_ALA_291_A,1 ok
Q7Z1V1_GLY_292_A,1 ok
Q7Z1V1_THR_295_A,1 ok
Q7Z1V1_SER_296_A,1
Q7Z1V1_THR_299_A,1 ok
Q7Z1V1_PRO_355_A,1 ok
Q7Z1V1_LEU_356_A,1 ok
Q7Z1V1_VAL_359_A,1 ok
Q7Z1V1_MET_360_A,1
Q7Z1V1_ARG_361_A,1 ok
Q7Z1V1_GLY_414_A,1 ok
Q7Z1V1_PHE_415_A,1 ok
Q7Z1V1_GLY_416_A,1 ok
Q7Z1V1_HIS_420_A,1 ok
Q7Z1V1_LYS_421_A,1
Q7Z1V1_CYS_422_A,1 ok
Q7Z1V1_ILE_423_A,1 ok
Q7Z1V1_GLY_424_A,1 ok
Q7Z1V1_ALA_428_A,1
Q7Z1V1_VAL_461_A,1 ok

XGB predice 28 resíduos que são sítios de ligação

22 desses resíduos foram catalogados no PDB
TYR_103_A, PHE_110_A, TYR_116_A, ARG_124_A, LEU_127_A, ALA_287_A, ALA_291_A, GLY_292_A, THR_295_A, THR_299_A, PRO_355_A, LEU_356_A, VAL_359_A, ARG_361_A, GLY_414_A, PHE_415_A, GLY_416_A, HIS_420_A, CYS_422_A, ILE_423_A, GLY_424_A, VAL_461_A

6 resíduos não foram encontrados no PDB
MET_106_A, PHE_290_A, SER_296_A, MET_360_A, LYS_421_A, ALA_428_A