res_name,prediction
3dszB_B_ASP_6,0
3dszB_B_LEU_7,0
3dszB_B_ILE_8,0
3dszB_B_PRO_9,0
3dszB_B_ALA_10,0
3dszB_B_PRO_11,0
3dszB_B_PRO_12,0
3dszB_B_LEU_13,0
3dszB_B_SER_14,0
3dszB_B_LYS_15,0
3dszB_B_VAL_16,0
3dszB_B_PRO_17,0
3dszB_B_LEU_18,0
3dszB_B_GLN_19,0
3dszB_B_GLN_20,0
3dszB_B_ASN_21,0
3dszB_B_PHE_22,0
3dszB_B_GLN_23,0
3dszB_B_ASP_24,0
3dszB_B_ASN_25,0
3dszB_B_GLN_26,0
3dszB_B_PHE_27,0
3dszB_B_HIS_28,0
3dszB_B_GLY_29,0
3dszB_B_LYS_30,0
3dszB_B_TRP_31,0
3dszB_B_TYR_32,0
3dszB_B_GLN_33,0
3dszB_B_VAL_34,0
3dszB_B_GLY_35,0
3dszB_B_ARG_36,0
3dszB_B_ALA_37,0
3dszB_B_GLY_38,0
3dszB_B_ASN_39,0
3dszB_B_ALA_40,0
3dszB_B_ALA_41,0
3dszB_B_LEU_42,0
3dszB_B_ARG_43,0
3dszB_B_GLU_44,0
3dszB_B_ASP_45,0
3dszB_B_LYS_46,0
3dszB_B_ASP_47,0
3dszB_B_PRO_48,0
3dszB_B_GLN_49,0
3dszB_B_LYS_50,0
3dszB_B_MET_51,0
3dszB_B_THR_52,0
3dszB_B_ALA_53,0
3dszB_B_GLN_54,0
3dszB_B_ILE_55,0
3dszB_B_TYR_56,1
3dszB_B_GLU_57,0
3dszB_B_LEU_58,0
3dszB_B_LYS_59,0
3dszB_B_GLU_60,0
3dszB_B_ASP_61,0
3dszB_B_LYS_62,0
3dszB_B_SER_63,0
3dszB_B_TYR_64,0
3dszB_B_ASN_65,0
3dszB_B_VAL_66,0
3dszB_B_THR_67,0
3dszB_B_ALA_68,0
3dszB_B_VAL_69,0
3dszB_B_ARG_70,0
3dszB_B_PHE_71,0
3dszB_B_ARG_72,0
3dszB_B_LYS_73,0
3dszB_B_LYS_74,0
3dszB_B_LYS_75,0
3dszB_B_CYS_76,0
3dszB_B_ASP_77,0
3dszB_B_TYR_78,0
3dszB_B_LEU_79,0
3dszB_B_THR_80,0
3dszB_B_MET_81,0
3dszB_B_THR_82,0
3dszB_B_PHE_83,1
3dszB_B_VAL_84,0
3dszB_B_PRO_85,0
3dszB_B_GLY_86,0
3dszB_B_SER_87,0
3dszB_B_GLN_88,0
3dszB_B_PRO_89,0
3dszB_B_GLY_90,0
3dszB_B_GLU_91,0
3dszB_B_PHE_92,0
3dszB_B_THR_93,0
3dszB_B_LEU_94,0
3dszB_B_GLY_95,0
3dszB_B_ASN_96,0
3dszB_B_ILE_97,0
3dszB_B_LYS_98,0
3dszB_B_SER_99,0
3dszB_B_TYR_100,1
3dszB_B_PRO_101,0
3dszB_B_GLY_102,0
3dszB_B_LEU_103,0
3dszB_B_THR_104,0
3dszB_B_SER_105,0
3dszB_B_TYR_106,1
3dszB_B_LEU_107,0
3dszB_B_VAL_108,0
3dszB_B_ARG_109,0
3dszB_B_VAL_110,0
3dszB_B_VAL_111,0
3dszB_B_SER_112,0
3dszB_B_THR_113,0
3dszB_B_ASN_114,0
3dszB_B_TYR_115,0
3dszB_B_ASN_116,0
3dszB_B_GLN_117,0
3dszB_B_HIS_118,0
3dszB_B_ALA_119,0
3dszB_B_MET_120,0
3dszB_B_VAL_121,0
3dszB_B_PHE_122,1
3dszB_B_PHE_123,1
3dszB_B_LYS_124,0
3dszB_B_LYS_125,1
3dszB_B_VAL_126,0
3dszB_B_SER_127,0
3dszB_B_GLN_128,0
3dszB_B_ASN_129,0
3dszB_B_ARG_130,0
3dszB_B_GLU_131,0
3dszB_B_TYR_132,1
3dszB_B_PHE_133,1
3dszB_B_SER_134,0
3dszB_B_ILE_135,0
3dszB_B_THR_136,0
3dszB_B_LEU_137,0
3dszB_B_LEU_138,0
3dszB_B_GLY_139,0
3dszB_B_ARG_140,0
3dszB_B_THR_141,0
3dszB_B_LYS_142,0
3dszB_B_GLU_143,0
3dszB_B_LEU_144,0
3dszB_B_ALA_145,0
3dszB_B_SER_146,0
3dszB_B_GLU_147,0
3dszB_B_LEU_148,0
3dszB_B_LYS_149,0
3dszB_B_GLU_150,0
3dszB_B_ASN_151,0
3dszB_B_PHE_152,0
3dszB_B_ILE_153,0
3dszB_B_ARG_154,0
3dszB_B_PHE_155,0
3dszB_B_SER_156,0
3dszB_B_LYS_157,0
3dszB_B_SER_158,0
3dszB_B_LEU_159,0
3dszB_B_GLY_160,0
3dszB_B_LEU_161,0
3dszB_B_PRO_162,0
3dszB_B_GLU_163,0
3dszB_B_ASN_164,0
3dszB_B_HIS_165,0
3dszB_B_ILE_166,0
3dszB_B_VAL_167,0
3dszB_B_PHE_168,0
3dszB_B_PRO_169,0
3dszB_B_VAL_170,0
3dszB_B_PRO_171,0
3dszB_B_ILE_172,0
3dszB_B_ASP_173,0
3dszB_B_GLN_174,0
3dszB_B_CYS_175,0
3dszB_B_ILE_176,0
3dszB_B_ASP_177,0
3dszB_B_GLY_178,0
