Protein,Binding Site
3dfkA,"A_HIS_16,A_ASP_18,A_ASP_19,A_TRP_63,A_ARG_75,A_ASP_97,A_SER_98,A_ILE_99,A_THR_110,A_VAL_121,A_HIS_161,A_PRO_162,A_ASP_163,A_HIS_164"
3chtA,"A_TYR_93,A_VAL_97,A_THR_100,A_GLU_101,A_GLU_106,A_ASP_135,A_GLU_136,A_HIS_139,A_THR_140,A_HIS_143,A_GLU_196,A_ASN_200,A_LEU_203,A_HIS_223,A_ASP_226,A_GLU_227,A_HIS_230,A_GLY_231"
3djeB,"B_ILE_11,B_VAL_12,B_GLY_13,B_ALA_14,B_GLY_15,B_THR_16,B_TRP_17,B_GLY_18,B_THR_19,B_SER_20,B_THR_21,B_ALA_22,B_SER_46,B_ALA_47,B_LYS_53,B_VAL_54,B_LEU_215,B_CYS_216,B_ALA_217,B_GLY_218,B_SER_220,B_TRP_236,B_PHE_258,B_PHE_264,B_GLU_280,B_CYS_335,B_CYS_337,B_ARG_343,B_GLY_361,B_ALA_362,B_GLY_364,B_GLY_366,B_PHE_367,B_LYS_368,B_TYR_369,B_ARG_411"
2ylnA,"A_THR_55,A_GLU_56,A_TYR_59,A_PHE_62,A_THR_63,A_TYR_74,A_ASP_75,A_THR_79,A_TRP_97,A_VAL_112,A_ALA_113,A_ASN_114,A_GLN_115,A_VAL_116,A_ARG_123,A_TYR_133,A_SER_134,A_ALA_160,A_GLN_161,A_SER_162,A_SER_165,A_ASN_166,A_TYR_167,A_GLY_183,A_LEU_184,A_ALA_198,A_THR_199,A_ASN_201,A_SER_232,A_LEU_234"
3cp5A,"A_ILE_17,A_VAL_20,A_VAL_23,A_LEU_25,A_LEU_40,A_THR_43,A_TYR_44,A_CYS_45,A_CYS_48,A_HIS_49,A_PHE_55,A_ILE_56,A_GLY_57,A_PRO_58,A_LEU_60,A_ARG_67,A_TYR_71,A_MET_73,A_ASN_74,A_VAL_75,A_MET_76,A_LEU_77,A_MET_82,A_ILE_83,A_ARG_85,A_HIS_86,A_VAL_88,A_MET_89,A_LEU_92,A_VAL_93,A_TYR_96,A_THR_98,A_MET_99,A_MET_100,A_MET_103,A_LEU_105,A_ILE_113,A_LEU_117"
1x3xB,"B_MET_31,B_PHE_34,B_HIS_38,B_PRO_39,B_GLY_40,B_ILE_44,B_PRO_61,B_HIS_62"
1w9eA,"A_CYS_118,A_ASN_245"
1b71A,"A_GLU_20,A_GLU_53,A_HIS_56,A_GLU_94,A_GLU_97,A_GLU_128,A_HIS_131,A_GLU_132"
2vg3A,"A_ILE_73,A_MET_75,A_ASP_76,A_GLY_77,A_ASN_78,A_GLY_79,A_ARG_80,A_ARG_89,A_HIS_93,A_GLY_96,A_VAL_100,A_ALA_119,A_ARG_127,A_ARG_244,A_ARG_250,A_SER_252"
2zm8A,"A_LEU_86,A_MET_111,A_ALA_112,A_SER_114,A_GLY_119,A_VAL_157,A_TYR_170,A_TRP_186,A_TYR_215,A_PHE_264,A_HIS_266,A_PHE_317,A_TRP_331,A_VAL_340,A_GLY_342,A_ILE_343,A_GLY_344,A_ILE_345,A_LEU_350,A_VAL_359,A_ILE_360,A_VAL_361,A_TYR_370,A_HIS_375"
4f6tB,"B_LYS_42,B_GLY_44,B_GLY_45,B_GLN_46,B_SER_47,B_THR_76,B_GLY_77,B_ALA_78,B_GLY_79,B_GLY_103,B_SER_104,B_ASP_108,B_GLY_127,B_GLY_130,B_PHE_146,B_SER_147,B_MET_149,B_PRO_150,B_PRO_151,B_LYS_153,B_THR_169,B_LEU_176,B_PHE_180,B_LYS_189,B_ASP_190,B_GLU_191,B_GLY_193,B_TYR_195,B_ALA_197,B_ASN_198,B_PRO_199,B_LYS_200,B_SER_224,B_ILE_225"
3eiaA,"A_ILE_63,A_GLY_64,A_TYR_94,A_GLY_127,A_ALA_128,A_LYS_129,A_SER_151,A_TYR_152,A_TYR_155,A_CYS_205,A_SER_206,A_ASN_209,A_TYR_236,A_ASP_237,A_SER_238,A_ALA_239,A_TYR_240,A_TYR_243,A_THR_265,A_SER_267,A_SER_269,A_GLN_270,A_TYR_271,A_ARG_278,A_ASN_309,A_TYR_364,A_THR_390,A_ARG_404"
3fv3F,"F_ASP_32,F_GLY_34,F_SER_35,F_ARG_77,F_TYR_78,F_GLY_79,F_ASP_80,F_SER_82,F_ASP_107,F_ILE_117,F_LEU_118,F_ASP_220,F_GLY_222,F_THR_223,F_THR_224,F_ILE_303"
1rwfA,"A_ASN_124,A_TRP_125,A_TRP_126,A_ARG_134,A_TRP_167,A_GLN_169,A_ARG_174,A_ASN_183,A_HIS_233,A_SER_241,A_TYR_242,A_VAL_245,A_ARG_296,A_ARG_300,A_ASN_303,A_LEU_308,A_ASN_410,A_GLU_412,A_TRP_465,A_HIS_532"
2oqeE,"E_TYR_80,E_TYR_81,E_ASP_154,E_PRO_155,E_TRP_156,E_TYR_176,E_TYR_186,E_PRO_189,E_ALA_317,E_ASP_319,E_TYR_323,E_TYR_327,E_ALA_403,E_TRP_411,E_ARG_420,E_HIS_456,E_TRP_523,E_PRO_564,E_TRP_565,E_PHE_617"
2c1dF,"F_GLY_59,F_CYS_61,F_CYS_64,F_HIS_65,F_ALA_80,F_LEU_83,F_ARG_89,F_TRP_90,F_ILE_98,F_VAL_99,F_PHE_106,F_PHE_110,F_MET_111,F_PRO_112,F_PHE_114,F_VAL_148"
3gb5A,"A_ARG_96,A_ARG_97,A_SER_98,A_ARG_100,A_PRO_123,A_HIS_127,A_VAL_232,A_THR_233,A_THR_234,A_THR_235,A_LEU_273,A_ARG_275"
1x82A,"A_TYR_52,A_VAL_54,A_THR_71,A_THR_85,A_LYS_86,A_GLY_87,A_HIS_88,A_HIS_90,A_GLU_97,A_TYR_99,A_HIS_136,A_THR_138,A_PHE_148,A_TYR_152,A_HIS_158,A_TYR_160"
3qerA,"A_SER_360,A_PRO_361,A_ILE_362,A_TYR_391,A_PRO_392,A_GLY_393,A_ALA_394,A_VAL_396,A_ASP_411,A_LEU_412,A_THR_413,A_SER_414,A_LEU_415,A_TYR_416,A_ARG_482,A_ASN_505,A_ASN_507,A_LYS_560,A_ASN_564,A_ASN_572,A_TRP_574,A_ASP_621,A_THR_622,A_ASP_623,A_LYS_705,A_LYS_706,A_ARG_707,A_TYR_708,A_MET_728,A_GLY_729,A_SER_783,A_SER_784,A_ASN_786,A_PRO_799,A_LYS_800,A_CYS_801,A_HIS_804,A_LYS_844,A_LYS_874"
3r5yD,"D_PRO_13,D_TRP_16,D_GLY_47,D_ARG_48,D_LYS_49,D_THR_50,D_ARG_54,D_THR_56,D_PRO_57,D_VAL_58,D_VAL_69,D_VAL_70,D_SER_72,D_PRO_80,D_ALA_81,D_TRP_82,D_ASN_85,D_TYR_127"
3krbB,"B_GLY_10,B_THR_11,B_TRP_12,B_ASP_35,B_CYS_36,B_TYR_40,B_LYS_71,B_TRP_73,B_TYR_75,B_HIS_104,B_TRP_105,B_PHE_118,B_SER_155,B_ASN_156,B_GLN_177,B_TYR_203,B_SER_204,B_PRO_205,B_MET_206,B_GLY_207,B_GLY_208,B_HIS_242,B_ILE_261,B_PRO_262,B_LYS_263,B_SER_264,B_GLN_265,B_ARG_269,B_ASN_273,B_TRP_307"
2jfyB,"B_ASP_7,B_SER_8,B_VAL_37,B_PRO_38,B_THR_41,B_CYS_70,B_ASN_71,B_THR_72,B_THR_116,B_VAL_146,B_GLU_150,B_CYS_181,B_THR_182,B_HIS_183"
2wpfD,"D_GLY_11,D_GLY_13,D_SER_14,D_GLY_16,D_LEU_17,D_GLU_18,D_GLY_20,D_TRP_21,D_VAL_34,D_GLY_49,D_THR_51,D_CYS_52,D_VAL_53,D_GLY_56,D_CYS_57,D_LYS_60,D_TYR_110,D_MET_113,D_PHE_114,D_THR_160,D_GLY_161,D_ALA_204,D_GLY_326,D_THR_335,D_ILE_339"
2yxxA,"A_ALA_44,A_LYS_46,A_ASP_65,A_ASN_88,A_ARG_132,A_HIS_177,A_HIS_179,A_SER_182,A_GLY_214,A_GLU_246,A_GLY_248,A_ARG_249,A_TYR_343,A_TYR_351"
2yxoB,"B_HIS_5,B_HIS_7,B_HIS_13,B_ASP_37,B_HIS_38,B_SER_39,B_ARG_50,B_GLU_80,B_ASP_82,B_HIS_108,B_HIS_154,B_ARG_196,B_ASP_224,B_HIS_226"
3s2zA,"A_ILE_30,A_PHE_31,A_HIS_32,A_GLY_33,A_PHE_34,A_PHE_62,A_VAL_103,A_GLY_104,A_HIS_105,A_ALA_106,A_GLN_107,A_GLY_108,A_GLY_109,A_VAL_110,A_VAL_111,A_ALA_112,A_SER_113,A_LEU_129,A_ALA_130,A_ALA_132,A_LEU_135,A_HIS_225"
3hcpA,"A_MET_76,A_PHE_88,A_LEU_92,A_PHE_93,A_LEU_98,A_MET_99,A_ARG_115,A_ILE_119,A_TYR_123,A_SER_197,A_THR_198,A_HIS_263,A_LEU_265,A_PRO_266,A_TYR_276,A_VAL_305,A_TRP_310,A_ALA_336,A_PHE_337,A_HIS_341,A_ILE_342,A_GLU_343,A_SER_402,A_ASN_408"
3c62B,"B_ASP_2,B_LEU_3,B_GLU_4,B_MET_7,B_LEU_10,B_ASN_11,B_LEU_14,B_PRO_45,B_PRO_46,B_PHE_61,B_PHE_65,B_LEU_68,B_CYS_98,B_CYS_101,B_HIS_102,B_TYR_105,B_ARG_106"
4euuA,"A_SER_12,A_ILE_14,A_LEU_15,A_GLY_16,A_GLN_17,A_GLY_18,A_ALA_21,A_ASN_22,A_VAL_23,A_ALA_36,A_LYS_38,A_VAL_68,A_MET_86,A_GLU_87,A_PHE_88,A_CYS_89,A_GLY_92,A_MET_123,A_GLY_139,A_MET_142,A_THR_156,A_ASP_157"
2a15A,"A_SER_16,A_TRP_17,A_TRP_28,A_ASP_40,A_PHE_64,A_LEU_73,A_LEU_95,A_PHE_99,A_PHE_103,A_PHE_111,A_TYR_113,A_MET_124,A_TRP_128"
1g6bA,"A_PHE_2,A_LYS_12,A_CYS_20,A_PRO_21,A_VAL_22,A_CYS_24,A_PHE_25,A_PHE_31,A_ILE_34,A_ILE_40,A_CYS_42,A_CYS_45,A_CYS_49"
1xcwA,"A_TYR_2,A_SER_3,A_HIS_15,A_TRP_58,A_TRP_59,A_TYR_62,A_GLN_63,A_ASP_96,A_HIS_101,A_GLY_104,A_ASP_147,A_TYR_151,A_LEU_162,A_THR_163,A_LEU_165,A_TYR_174,A_ARG_195,A_ASP_197,A_ALA_198,A_LYS_200,A_HIS_201,A_LYS_227,A_GLU_233,A_ILE_235,A_LEU_237,A_GLU_240,A_THR_254,A_PHE_295,A_ASN_298,A_HIS_299,A_ASP_300,A_HIS_305,A_GLY_306,A_ALA_307,A_ARG_337,A_HIS_386"
1p1jA,"A_ILE_71,A_GLY_72,A_GLY_74,A_GLY_75,A_ASN_76,A_ASN_77,A_GLY_78,A_LEU_81,A_ASP_148,A_ILE_149,A_SER_184,A_ILE_185,A_ARG_198,A_LEU_242,A_THR_244,A_ALA_245,A_ASN_246,A_THR_247,A_TYR_292,A_GLY_295,A_SER_296,A_ASP_320,A_LEU_321,A_SER_323,A_GLY_324,A_GLN_325,A_THR_326,A_ASN_350,A_ASN_355,A_ASP_356,A_LEU_360,A_LYS_369,A_LYS_373,A_ILE_402,A_LYS_412,A_ASP_438,A_SER_439,A_ALA_442,A_LYS_489"
3ahdA,"A_HIS_64,A_THR_67,A_PRO_95,A_HIS_97,A_HIS_142,A_GLY_155,A_GLU_156,A_LEU_157,A_ASP_182,A_GLY_183,A_GLU_184,A_ASN_215,A_TYR_217,A_LYS_218,A_ILE_219,A_LYS_300,A_HIS_320,A_GLN_321,A_ASP_436,A_GLU_437,A_LEU_477,A_GLU_479,A_TYR_501"
1t8uB,"B_LYS_161,B_GLY_163,B_GLY_164,B_THR_165,B_ARG_166,B_GLU_184,B_HIS_186,B_ARG_190,B_LYS_215,B_PRO_217,B_SER_218,B_ARG_243,B_ASP_252,B_TYR_253,B_GLN_255,B_THR_256,B_LYS_259,B_ARG_260,B_TRP_283,B_SER_284,B_ALA_285,B_ILE_316,B_THR_367,B_LYS_368,B_ARG_370,B_HIS_372"
2ivfB,"B_CYS_28,B_LEU_29,B_GLY_30,B_CYS_31,B_GLN_32,B_THR_33,B_CYS_34,B_CYS_38,B_TRP_42,B_TRP_53,B_ASN_55,B_THR_57,B_ALA_148,B_MET_150,B_CYS_151,B_ASN_152,B_HIS_153,B_CYS_154,B_THR_155,B_PRO_157,B_ALA_158,B_CYS_159,B_CYS_163,B_THR_165,B_ILE_168,B_VAL_177,B_CYS_184,B_LYS_185,B_GLY_186,B_HIS_187,B_ARG_188,B_HIS_189,B_CYS_190,B_CYS_194,B_ALA_198,B_ILE_199,B_LYS_210,B_CYS_211,B_ILE_212,B_LEU_213,B_CYS_214,B_ASN_224,B_CYS_226,B_ASN_227,B_CYS_230,B_PRO_231,B_VAL_234,B_ARG_235,B_THR_266"
1ubpC,"C_HIS_137,C_HIS_139,C_ALA_170,C_ILE_221,C_HIS_222,C_GLU_223,C_ASP_224,C_HIS_249,C_PHE_274,C_HIS_275,C_GLY_280,C_THR_301,C_CYS_322,C_HIS_323,C_ARG_339,C_ASP_363,C_ALA_364,C_ALA_366,C_MET_367"
1zzmA,"A_ASP_7,A_THR_8,A_CYS_10,A_ILE_36,A_ILE_37,A_LEU_132,A_VAL_156,A_HIS_157,A_PHE_159"
2gsoB,"B_ASP_54,B_THR_90,B_PHE_91,B_ASN_111,B_SER_112,B_TRP_122,B_LEU_123,B_TYR_174,B_LYS_176,B_TYR_205,B_ASP_210,B_GLU_211,B_HIS_214,B_ASP_257,B_HIS_258,B_PHE_347,B_HIS_363"
1m2aA,"A_CYS_9,A_GLN_11,A_SER_21,A_CYS_22,A_CYS_55,A_MET_56,A_ASN_57,A_ALA_58,A_CYS_59,A_VAL_64"
3a68C,"C_GLU_56,C_HIS_64,C_ARG_92,C_HIS_151"
1qw8A,"A_SER_26,A_GLU_29,A_GLY_73,A_ASN_74,A_TRP_99,A_ASN_174,A_TRP_180,A_SER_216,A_TRP_226,A_TYR_246,A_GLU_294,A_TRP_295,A_TRP_298,A_GLN_351,A_TRP_368"
1t3qB,"B_ARG_195,B_VAL_196,B_GLN_224,B_GLY_253,B_PHE_255,B_GLY_256,B_ALA_295,B_GLN_297,B_ASP_322,B_GLY_323,B_GLY_324,B_ALA_325,B_GLU_336,B_ALA_361,B_THR_362,B_CYS_365,B_ILE_367,B_TYR_370,B_ARG_371,B_GLY_372,B_VAL_373,B_THR_376,B_GLY_378,B_ALA_381,B_GLU_465,B_SER_502,B_SER_505,B_SER_506,B_GLY_507,B_GLN_508,B_HIS_510,B_THR_513,B_ALA_515,B_GLY_543,B_ALA_544,B_TYR_545,B_ALA_546,B_SER_547,B_GLY_549,B_ALA_550,B_ALA_554,B_GLY_555,B_GLY_558,B_GLY_640,B_GLY_641,B_GLU_664,B_CYS_666,B_THR_668,B_ILE_670,B_ILE_674,B_VAL_675,B_GLN_678,B_LYS_739,B_GLY_740,B_MET_741,B_GLY_742,B_GLU_743,B_SER_744,B_ALA_745,B_ILE_747,B_SER_748,B_ALA_751"
1zo9B,"B_LEU_20,B_LEU_29,B_PHE_42,B_ARG_47,B_TYR_51,B_SER_72,B_GLN_73,B_ALA_74,B_VAL_78,B_ALA_82,B_LEU_86,B_PHE_87,B_TRP_96,B_PHE_107,B_ALA_123,B_THR_149,B_THR_152,B_GLY_154,B_CYS_156,B_PHE_158,B_LEU_188,B_PHE_261,B_ALA_264,B_GLY_265,B_THR_268,B_THR_269,B_LEU_272,B_LEU_318,B_THR_327,B_ALA_328,B_PRO_329,B_PHE_331,B_PRO_392,B_PHE_393,B_GLY_394,B_ARG_398,B_ALA_399,B_ILE_401,B_GLY_402,B_PHE_405,B_ALA_406,B_ALA_410,B_LEU_414,B_LEU_437,B_THR_438"
1akuA,"A_GLY_9,A_SER_10,A_THR_11,A_THR_12,A_GLY_13,A_ASN_14,A_THR_15,A_GLY_56,A_CYS_57,A_SER_58,A_THR_59,A_TRP_60,A_GLY_61,A_CYS_90,A_CYS_93,A_GLY_94,A_TYR_98,A_TYR_100,A_PHE_101"
3b1eB,"B_TYR_62,B_GLY_93,B_VAL_94,B_VAL_95,B_PRO_96,B_TYR_119,B_CYS_167,B_ASN_168,B_ASN_171,B_ASP_199,B_ILE_201,B_HIS_202,B_SER_230,B_SER_231,B_THR_233,B_ASN_243,B_TYR_245,B_ARG_365"
3bf3F,"F_ASN_9,F_THR_10,F_HIS_11,F_ARG_27,F_VAL_62,F_GLU_101,F_VAL_102,F_GLY_103,F_ASP_105,F_ARG_106,F_THR_128,F_ALA_129,F_THR_131,F_ILE_145,F_PHE_150,F_LYS_162,F_LEU_163,F_THR_179"
2pulA,"A_VAL_46,A_ILE_59,A_LYS_61,A_MET_114,A_GLU_115,A_ASP_116,A_SER_118,A_ILE_176,A_LEU_180,A_ASP_233,A_LEU_234,A_PHE_240,A_ASP_250,A_GLU_252,A_PHE_253,A_CYS_336,A_GLU_337,A_ARG_340,A_ARG_341"
3qzxA,"A_LEU_70,A_TYR_73,A_PHE_74,A_TYR_85,A_VAL_89,A_ARG_92,A_PHE_93,A_TRP_96,A_TYR_112,A_ARG_119,A_HIS_120,A_LYS_125,A_ASN_126,A_ILE_137,A_TYR_141,A_LEU_142,A_PHE_145,A_ILE_149,A_TRP_174,A_VAL_182,A_TRP_185"
2xz7A,"A_ALA_272,A_LEU_294,A_ARG_296,A_ILE_331,A_ARG_332,A_THR_333,A_ASP_335,A_MET_429,A_GLU_431,A_SER_450,A_GLY_452,A_THR_453,A_ASN_454,A_ASP_455,A_ARG_465,A_ALA_500,A_MET_501,A_CYS_502,A_GLY_503,A_SER_524,A_MET_525"
1ag9B,"B_SER_10,B_THR_12,B_GLY_13,B_ASN_14,B_THR_15,B_LYS_38,B_SER_40,B_ASP_43,B_PRO_55,B_THR_56,B_TRP_57,B_TYR_58,B_TYR_59,B_GLY_60,B_CYS_88,B_TYR_97,B_CYS_99,B_GLU_146,B_ASP_147,B_ARG_148,B_PRO_150,B_GLU_151"
1q1rA,"A_VAL_10,A_GLY_11,A_THR_12,A_GLY_13,A_LEU_14,A_ALA_15,A_GLY_16,A_GLY_36,A_ASP_37,A_LEU_45,A_PRO_46,A_SER_49,A_LYS_50,A_THR_81,A_GLN_82,A_VAL_83,A_LEU_108,A_ALA_109,A_THR_110,A_GLY_111,A_GLY_112,A_LEU_133,A_ARG_134,A_ILE_160,A_LEU_254,A_GLY_283,A_ASP_284,A_GLU_300,A_SER_301,A_VAL_302,A_PRO_303,A_ALA_305,A_TRP_330"
2ohhB,"B_HIS_26,B_HIS_83,B_GLU_85,B_ASP_87,B_HIS_88,B_HIS_151,B_TRP_152,B_ASP_170,B_HIS_175,B_LEU_202,B_HIS_233,B_THR_265,B_MET_266,B_HIS_267,B_GLY_268,B_SER_269,B_TYR_319,B_ASP_320,B_GLY_356"
3c6aA,"A_ARG_363,A_ASP_398,A_ASP_539"
3zvmA,"A_ALA_167,A_ASP_172,A_PHE_184,A_THR_216,A_ASN_217,A_GLN_218,A_MET_219,A_GLY_220,A_ARG_223,A_ARG_258,A_LYS_259,A_PHE_305,A_ALA_369,A_GLY_374,A_ALA_375,A_GLY_376,A_LYS_377,A_SER_378,A_THR_379,A_ASP_396,A_ASN_459,A_PHE_462,A_ARG_463,A_PHE_502,A_ARG_503,A_LEU_504,A_GLN_505"
1gv4B,"B_GLY_137,B_GLY_138,B_GLY_139,B_THR_140,B_ALA_141,B_VAL_161,B_ASP_164,B_ARG_171,B_SER_175,B_LYS_176,B_PRO_206,B_VAL_232,B_ALA_258,B_THR_259,B_GLY_260,B_PHE_283,B_ARG_284,B_GLY_308,B_LEU_310,B_GLY_311,B_PRO_334,B_THR_395,B_ALA_435,B_GLY_436,B_ASP_437,B_ALA_438,B_GLU_452,B_HIS_453,B_HIS_454,B_ALA_457,B_PHE_481,B_TRP_482"
2igaD,"D_TYR_20,D_TYR_52,D_HIS_62,D_TYR_126,D_HIS_155,D_ASN_157,D_TRP_192,D_HIS_200,D_HIS_213,D_HIS_214,D_ARG_243,D_HIS_248,D_VAL_250,D_SER_251,D_TYR_255,D_TYR_257,D_GLU_267,D_TYR_269,D_ARG_292,D_ARG_293,D_TRP_304,D_TYR_305"
3i5xA,"A_PHE_126,A_GLY_128,A_THR_130,A_GLN_133,A_THR_154,A_GLY_155,A_THR_156,A_GLY_157,A_LYS_158,A_THR_159,A_PHE_160,A_PRO_188,A_THR_189,A_ARG_190,A_GLY_220,A_GLY_221,A_ASP_223,A_PHE_224,A_ARG_225,A_THR_242,A_GLY_244,A_ARG_245,A_ASP_248,A_LYS_252,A_GLU_268,A_ARG_271,A_PHE_277,A_PRO_381,A_THR_382,A_VAL_383,A_LYS_384,A_HIS_407,A_GLY_408,A_ARG_415,A_THR_433,A_ASP_434,A_VAL_435,A_GLY_439,A_ASP_441,A_ARG_466,A_ARG_469,A_SER_470,A_ASP_528,A_SER_532,A_SER_535,A_SER_536,A_SER_539,A_VAL_572,A_SER_573,A_PHE_576"
1nkpA,"A_GLY_897,A_MET_899,A_LYS_902,A_ARG_903,A_ARG_904,A_ARG_911,A_ARG_914,A_ARG_968,A_LYS_969,A_ARG_970,A_ARG_971,A_LEU_974,A_LYS_975,A_GLY_982,A_GLY_983,A_CYS_984"
1kqfB,"B_LYS_32,B_CYS_39,B_ILE_40,B_GLY_41,B_CYS_42,B_LYS_43,B_ALA_44,B_CYS_45,B_CYS_49,B_ASN_53,B_THR_78,B_MET_80,B_LYS_97,B_CYS_100,B_MET_101,B_HIS_102,B_CYS_103,B_PRO_106,B_GLY_107,B_CYS_108,B_CYS_112,B_PRO_113,B_SER_114,B_ALA_117,B_ILE_118,B_CYS_133,B_ILE_134,B_GLY_135,B_CYS_136,B_GLY_137,B_TYR_138,B_CYS_139,B_CYS_143,B_PRO_144,B_PHE_145,B_ILE_147,B_PRO_148,B_VAL_157,B_LYS_159,B_CYS_160,B_THR_161,B_LEU_162,B_CYS_163,B_PRO_173,B_ALA_174,B_CYS_175,B_CYS_179,B_PRO_180,B_THR_181,B_ILE_184,B_TRP_253"
1yqzB,"B_VAL_10,B_ALA_11,B_GLY_12,B_GLY_13,B_ALA_14,B_THR_15,B_SER_18,B_GLN_19,B_ARG_22,B_ASP_35,B_SER_39,B_PHE_40,B_ALA_41,B_ASN_42,B_CYS_43,B_ALA_61,B_TYR_62,B_PHE_67,B_LYS_71,B_VAL_81,B_ARG_131,B_GLY_276,B_PRO_293,B_ALA_295,B_HIS_299,B_VAL_353,B_THR_354,B_TYR_419,B_ALA_420,B_PRO_426,B_LYS_427,B_MET_432,B_TYR_435,B_LYS_436"
2fozA,"A_GLY_13,A_ALA_14,A_ASP_18,A_GLU_25,A_THR_60,A_ASP_61,A_ASP_62,A_ASN_135,A_GLY_136,A_GLY_137,A_ALA_138,A_MET_139,A_ALA_142,A_HIS_166,A_GLY_174,A_ILE_255,A_ALA_264,A_ASP_298,A_THR_299,A_ASP_300,A_THR_301,A_ILE_302,A_ALA_303,A_THR_304,A_MET_305,A_ALA_306,A_GLY_307"
2gheX,"X_LYS_30,X_CYS_32,X_PRO_34,X_LEU_35,X_LEU_37,X_ARG_38,X_ALA_41,X_HIS_42,X_ALA_70,X_ILE_76,X_PRO_132,X_ALA_134,X_LEU_141,X_PHE_145,X_LEU_159,X_SER_160,X_GLY_162,X_HIS_163,X_ILE_165,X_GLY_166,X_ALA_167,X_ALA_168,X_HIS_169,X_ARG_172,X_SER_173,X_TRP_179,X_SER_207,X_TYR_235"
2ehuB,"B_GLU_137,B_ILE_180,B_PRO_182,B_TRP_183,B_ASN_184,B_PHE_185,B_ILE_189,B_ILE_194,B_LYS_207,B_ALA_209,B_ASP_211,B_LEU_236,B_GLY_244,B_PHE_258,B_GLY_260,B_SER_261,B_VAL_264,B_GLU_288,B_THR_289,B_GLY_290,B_PHE_317,B_GLN_320,B_CYS_322,B_SER_323,B_GLU_417,B_PHE_419,B_THR_446,B_GLY_477,B_ALA_478,B_PHE_485"
1gygB,"B_HIS_11,B_ALA_12,B_SER_52,B_ASP_56,B_HIS_68,B_GLY_122,B_HIS_126,B_TYR_127,B_ASP_130"
2z6iB,"B_GLN_17,B_GLY_18,B_GLY_19,B_VAL_32,B_GLY_39,B_ILE_40,B_GLY_43,B_ASN_45,B_GLY_67,B_VAL_68,B_ASN_69,B_THR_93,B_THR_94,B_GLY_95,B_GLY_97,B_VAL_116,B_PRO_118,B_VAL_134,B_ALA_136,B_GLU_137,B_GLY_138,B_ALA_141,B_GLY_142,B_GLY_143,B_HIS_144,B_ALA_168,B_GLY_169,B_GLY_170,B_GLN_189,B_GLY_191,B_THR_192"
1tq4A,"A_GLU_77,A_THR_78,A_GLY_79,A_SER_80,A_GLY_81,A_LYS_82,A_SER_83,A_SER_84,A_ASN_87,A_THR_88,A_LYS_101,A_THR_102,A_ALA_157,A_LYS_184,A_ASN_232,A_LYS_233"
2q2aD,"D_THR_27,D_PHE_31,D_PHE_34,D_GLU_35,D_ASP_46,D_TRP_68,D_SER_85,D_GLY_86,D_THR_88,D_ARG_93,D_GLN_132,D_THR_135,D_THR_136,D_THR_174,D_ASP_175,D_TYR_205,D_MET_207"
4d9bB,"B_ASN_50,B_LYS_51,B_LYS_54,B_THR_72,B_ALA_73,B_GLY_74,B_ALA_75,B_SER_78,B_ASN_79,B_HIS_80,B_VAL_81,B_GLN_83,B_THR_84,B_GLY_159,B_TYR_169,B_VAL_191,B_ALA_192,B_SER_193,B_GLY_194,B_SER_195,B_ALA_196,B_GLY_197,B_THR_198,B_HIS_199,B_ALA_200,B_GLY_201,B_ARG_222,B_TYR_261,B_ASP_284,B_TYR_287,B_THR_288,B_GLY_289,B_LYS_290,B_THR_315,B_GLY_316,B_GLY_317"
1nfzB,"B_LYS_21,B_HIS_25,B_HIS_32,B_ALA_34,B_ARG_51,B_LYS_55,B_CYS_67,B_GLY_68,B_HIS_69,B_ARG_83,B_GLU_87,B_TYR_104,B_GLU_114,B_GLU_116,B_CYS_118"
1j20A,"A_ALA_6,A_TYR_7,A_SER_8,A_GLY_10,A_ASP_12,A_THR_13,A_PHE_31,A_THR_32,A_ALA_33,A_GLN_37,A_TYR_84,A_THR_88,A_ARG_92,A_ILE_95,A_HIS_113,A_GLY_114,A_ALA_115,A_THR_116,A_GLY_119,A_ASN_120,A_ASP_121,A_ARG_124,A_PHE_125,A_SER_173,A_MET_174,A_ASP_175,A_SER_182,A_GLU_184,A_GLU_258,A_TYR_270"
1icuB,"B_ARG_10,B_HIS_11,B_SER_12,B_LYS_14,B_PRO_38,B_SER_39,B_SER_40,B_THR_41,B_ASN_42,B_PHE_70,B_ASN_71,B_LYS_74,B_PHE_124,B_GLN_142,B_ILE_164,B_GLU_165,B_GLY_166,B_LYS_205,B_ARG_207"
3b0xA,"A_ARG_28,A_ARG_157,A_ARG_175,A_ALA_176,A_LEU_177,A_VAL_180,A_GLY_187,A_SER_188,A_ARG_191,A_VAL_196,A_GLY_197,A_ASP_198,A_ASP_200,A_ASP_243,A_ARG_245,A_GLY_253,A_TYR_258,A_LEU_259,A_GLY_261,A_GLU_282,A_HIS_344,A_ASP_349,A_HIS_374,A_HIS_440,A_HIS_468,A_ARG_472,A_ARG_477,A_GLU_499,A_ASP_501,A_ASP_529,A_HIS_531"
2ob0C,"C_ILE_26,C_PHE_27,C_GLY_78,C_CYS_79,C_ARG_84,C_ARG_85,C_LEU_86,C_GLY_87,C_GLY_89,C_THR_90,C_ASN_117,C_PHE_123"
2biiA,"A_PRO_64,A_ASN_66,A_HIS_86,A_ARG_89,A_HIS_91,A_THR_136,A_MET_137,A_CYS_139,A_ALA_140,A_GLY_141,A_ARG_144,A_LYS_145,A_GLY_155,A_PHE_156,A_ASN_157,A_TRP_158,A_GLY_162,A_TYR_202,A_THR_204,A_ALA_221,A_ARG_238,A_VAL_239,A_GLY_246,A_GLY_247,A_ARG_248,A_SER_249,A_LYS_251,A_ASN_272,A_ARG_273,A_ASN_453"
2ffaA,"A_TYR_477,A_PRO_482,A_ILE_484,A_SER_504,A_GLY_505,A_SER_506,A_GLY_507,A_LYS_508,A_SER_509,A_THR_510"
2dtxA,"A_GLY_14,A_GLY_18,A_ILE_19,A_CYS_52,A_ASP_53,A_VAL_54,A_ASN_80,A_ALA_81,A_GLU_84,A_TYR_108,A_ILE_130,A_SER_131,A_SER_132,A_VAL_133,A_GLN_134,A_TYR_145,A_LYS_149,A_PRO_174,A_ALA_175,A_THR_176,A_THR_179,A_LEU_245"
2gmuB,"B_SER_55,B_GLY_56,B_SER_57,B_THR_58,B_ALA_59,B_ASN_60,B_SER_87,B_TRP_88,B_THR_90,B_ASP_159,B_ASN_160,B_CYS_161,B_GLU_162,B_GLY_180,B_THR_181,B_SER_183,B_PHE_185,B_TYR_186,B_SER_187,B_HIS_188,B_CYS_197,B_ILE_198,B_HIS_215,B_TRP_217,B_ASN_248,B_ARG_250,B_SER_300,B_ARG_331"
3dr9B,"B_PHE_21,B_PHE_24,B_GLU_31,B_TYR_34,B_PHE_35,B_TYR_38,B_HIS_55,B_LYS_58,B_VAL_59,B_MET_63,B_LEU_83,B_MET_86,B_GLN_88,B_HIS_89,B_LEU_92,B_ASN_96,B_PHE_97,B_LEU_100"
2q0oB,"B_ALA_40,B_HIS_53,B_TYR_55,B_TRP_59,B_TYR_68,B_ASP_72,B_VAL_74,B_LEU_75,B_TRP_87,B_TRP_92,B_PHE_103,B_ALA_107,B_ILE_112,B_THR_117,B_MET_129,B_THR_131"
1ocmA,"A_ALA_111,A_ARG_113,A_GLY_129,A_GLY_130,A_SER_131,A_SER_132,A_SER_133,A_GLY_134,A_SER_135,A_GLN_151,A_THR_152,A_GLY_153,A_GLY_154,A_SER_155,A_VAL_156,A_ARG_158,A_ALA_161,A_VAL_190,A_SER_343,A_PRO_359,A_VAL_373,A_VAL_375,A_VAL_389"
3nvdA,"A_ILE_90,A_PHE_92,A_ASP_123,A_GLU_125,A_ARG_131,A_ASP_178,A_VAL_187,A_ARG_191,A_LYS_221,A_HIS_222,A_HIS_226,A_SER_233,A_HIS_234,A_MET_267,A_ASP_318,A_ALA_319,A_ASN_321,A_MET_322,A_LEU_347,A_MET_348,A_VAL_558,A_LEU_559,A_LEU_577"
1f2dC,"C_ASN_50,C_LYS_51,C_LEU_52,C_LYS_54,C_SER_78,C_ASN_79,C_GLN_80,C_MET_83,C_TRP_102,C_ALA_163,C_GLY_164,C_CYS_165,C_GLY_171,C_GLY_172,C_VAL_198,C_CYS_199,C_CYS_200,C_VAL_201,C_THR_202,C_GLY_203,C_SER_204,C_THR_205,C_THR_206,C_ALA_207,C_GLY_208,C_LEU_210,C_ALA_211,C_ASP_292,C_TYR_295,C_GLU_296,C_GLY_297,C_LYS_298,C_SER_299,C_LEU_323,C_GLY_324,C_GLY_325"
1cruB,"B_HIS_30,B_ARG_45,B_ASP_143,B_HIS_144,B_HIS_227,B_ARG_228,B_ASN_229,B_SER_244,B_GLU_245,B_ASP_251,B_ASP_252,B_GLU_253,B_TRP_265,B_ALA_269,B_TYR_271,B_ASP_273,B_GLU_309,B_TYR_343,B_TRP_346,B_LYS_377,B_ARG_406,B_ARG_408"
3rmeA,"A_TYR_27,A_TRP_31,A_PHE_58,A_GLY_98,A_TRP_99,A_ASN_100,A_ASP_136,A_ASP_138,A_GLU_140,A_ALA_183,A_MET_210,A_TYR_212,A_ASP_213,A_TRP_218,A_TYR_267,A_GLU_297,A_ILE_300,A_TRP_360,A_LEU_364"
1z01C,"C_CYS_84,C_HIS_86,C_ARG_87,C_VAL_89,C_CYS_105,C_TYR_107,C_HIS_108,C_GLY_109,C_PHE_110,C_ASN_215,C_GLY_216,C_HIS_221,C_HIS_225,C_TYR_292,C_LEU_302,C_GLN_314,C_VAL_319,C_PHE_345,C_PHE_361,C_ASP_365"
3qwwA,"A_GLY_16,A_LYS_17,A_GLY_18,A_ARG_19,A_CYS_55,A_CYS_74,A_HIS_86,A_CYS_90,A_GLU_135,A_HIS_137,A_ASN_182,A_GLY_183,A_SER_196,A_ALA_203,A_LEU_204,A_ASN_206,A_HIS_207,A_SER_239,A_TYR_240,A_TYR_258,A_PHE_260,A_TYR_370,A_TYR_374,A_LEU_379,A_ASN_380,A_GLY_394"
1hpuD,"D_ASP_41,D_HIS_42,D_HIS_43,D_ASP_84,D_ASN_116,D_HIS_117,D_ILE_178,D_HIS_217,D_MET_218,D_HIS_252,D_GLN_254,D_HIS_289,D_ARG_375,D_ARG_379,D_SER_405,D_GLY_407,D_GLY_408,D_ARG_410,D_PHE_429,D_ASN_431,D_GLY_458,D_PHE_498,D_ASP_504"
2iuwA,"A_ARG_74,A_GLU_75,A_SER_81,A_LEU_82,A_SER_83,A_GLY_86,A_ASN_179,A_TYR_181,A_HIS_191,A_ASP_193,A_ALA_250,A_ASP_254,A_HIS_257,A_VAL_259,A_ARG_269,A_ASN_271,A_ARG_275"
1w66A,"A_ARG_76,A_GLY_78,A_LYS_79,A_THR_81,A_TRP_82,A_HIS_83,A_LEU_88,A_VAL_89,A_GLY_90,A_TYR_91,A_ILE_93,A_ILE_94,A_LEU_109,A_LEU_113,A_VAL_143,A_ALA_145,A_ILE_146,A_GLY_147,A_GLY_158,A_PHE_159,A_LEU_161,A_CYS_176"
1mv8C,"C_ILE_5,C_GLY_7,C_GLY_9,C_TYR_10,C_VAL_11,C_ASP_30,C_VAL_31,C_ILE_82,C_CYS_83,C_VAL_84,C_GLU_105,C_THR_124,C_GLU_157,C_ARG_160,C_TYR_257,C_PHE_323,C_SER_412"
3nyqA,"A_TRP_54,A_ALA_55,A_PRO_184,A_HIS_187,A_VAL_188,A_HIS_189,A_GLY_190,A_VAL_230,A_THR_232,A_ARG_236,A_GLY_260,A_SER_261,A_ALA_262,A_ALA_263,A_ARG_283,A_TYR_284,A_GLY_285,A_MET_286,A_THR_287,A_LEU_290,A_MET_291,A_ASN_292,A_THR_293,A_VAL_306,A_PRO_309,A_ASP_368,A_ILE_380,A_LYS_390,A_GLY_392,A_GLY_393,A_TYR_394,A_LYS_395,A_ARG_461"
3vl9A,"A_TYR_24,A_ASP_26,A_TRP_28,A_TYR_67,A_ASN_69,A_ASP_101,A_ASP_105,A_GLU_119,A_MET_121,A_ILE_133,A_ASN_157,A_GLU_201,A_GLU_205,A_PHE_207"
1ju2B,"B_GLY_33,B_GLY_34,B_GLY_35,B_THR_36,B_SER_37,B_GLY_38,B_CYS_39,B_ALA_42,B_ALA_43,B_GLU_55,B_ARG_56,B_VAL_98,B_GLY_100,B_ARG_101,B_GLY_104,B_GLY_105,B_SER_107,B_ALA_111,B_GLY_112,B_VAL_113,B_ARG_116,B_SER_120,B_LYS_159,B_GLY_172,B_ASP_176,B_HIS_177,B_GLU_179,B_ILE_183,B_VAL_217,B_SER_256,B_ALA_257,B_GLY_258,B_GLY_261,B_THR_262,B_ILE_321,B_ASN_323,B_PHE_330,B_HIS_357,B_LEU_366,B_SER_391,B_TRP_458,B_HIS_459,B_HIS_461,B_GLY_462,B_GLY_463,B_ASP_486,B_GLY_487,B_HIS_497,B_PRO_498,B_GLN_499,B_TYR_502,B_LEU_503"
3a27A,"A_MET_78,A_TRP_79,A_SER_80,A_ASN_83,A_MET_103,A_PHE_104,A_GLY_106,A_GLY_108,A_TYR_109,A_PHE_110,A_GLU_127,A_LYS_128,A_ASN_129,A_ALA_153,A_ASP_154,A_ASN_155,A_GLY_170,A_TYR_171,A_PHE_178"
2ycdA,"A_THR_20,A_PHE_22,A_PRO_26,A_ASP_27,A_LEU_32,A_ALA_33,A_ARG_34,A_PRO_37,A_MET_59,A_GLN_72,A_ILE_73,A_PRO_74,A_GLU_85,A_SER_86,A_ARG_187"
3lftA,"A_HIS_61,A_SER_63,A_LEU_64,A_ALA_118,A_THR_119,A_ALA_138,A_THR_140,A_ASP_163,A_ASN_194,A_SER_195,A_ILE_242,A_ASP_243,A_ASN_244,A_THR_245,A_ALA_247,A_SER_267,A_GLN_284"
2c2wC,"C_ASP_16,C_LEU_17,C_ASP_21,C_SER_23,C_TRP_50,C_TYR_77,C_PRO_78,C_THR_80,C_TYR_117,C_TYR_119,C_THR_155,C_PHE_156,C_TYR_157,C_SER_158,C_ASP_210,C_PHE_213,C_ASN_215,C_TRP_217,C_PHE_254,C_ALA_279"
3n33B,"B_THR_76,B_GLY_77,B_LEU_92,B_LEU_123,B_PHE_124,B_SER_125,B_LEU_127,B_LEU_128,B_GLU_133,B_LEU_135,B_ASN_137,B_ARG_138,B_VAL_142,B_PHE_143,B_VAL_232,B_ALA_237,B_ALA_238,B_SER_250,B_LEU_287,B_SER_288"
2d5mA,"A_LEU_16,A_VAL_19,A_GLY_20,A_THR_21,A_ASN_29,A_MET_31,A_ALA_32,A_ALA_33,A_ALA_34,A_TRP_35,A_ALA_36,A_CYS_39,A_CYS_40,A_SER_49,A_LEU_50,A_ARG_51,A_THR_54,A_TYR_55,A_ALA_65,A_THR_67,A_SER_69,A_PRO_71,A_ALA_82,A_GLY_83,A_TYR_85,A_SER_86,A_GLY_87,A_LYS_92,A_PHE_164,A_TYR_171"
1nhiA,"A_ALA_24,A_ASN_33,A_SER_34,A_LEU_35,A_ALA_37,A_ASP_58,A_GLY_62,A_LEU_70,A_ALA_71,A_ALA_73,A_ALA_76,A_SER_78,A_LYS_79,A_GLY_93,A_ARG_95,A_GLY_96,A_GLU_97,A_ALA_98,A_LEU_99,A_ALA_100,A_SER_101,A_ILE_102,A_THR_143,A_LYS_307"
1obnA,"A_ARG_87,A_TYR_91,A_CYS_104,A_SER_183,A_ILE_187,A_TYR_189,A_PHE_211,A_HIS_214,A_ASP_216,A_HIS_270,A_VAL_272,A_SER_281,A_PHE_285,A_LEU_321,A_LEU_324"
2c4iA,"A_TRP_15,A_PHE_17,A_SER_18,A_SER_20,A_THR_22,A_TRP_42,A_ASN_63,A_ASN_91,A_SER_95,A_TYR_112,A_THR_114,A_VAL_116,A_THR_117,A_ALA_118,A_THR_119,A_SER_141,A_THR_143,A_THR_146,A_TRP_163,A_ASN_184,A_ASN_212,A_LEU_214,A_SER_216,A_TYR_233,A_THR_235,A_VAL_237,A_THR_238,A_ALA_239,A_THR_240,A_TRP_270,A_SER_273"
2afxB,"B_ASP_142,B_ASP_159,B_SER_160,B_GLU_201,B_GLU_202,B_TRP_207,B_ASP_248,B_LEU_249,B_GLN_304,B_ASP_306,B_SER_323,B_PHE_325,B_TRP_329,B_HIS_330"
1jx4A,"A_ASP_7,A_PHE_8,A_TYR_10,A_PHE_11,A_TYR_12,A_VAL_32,A_ALA_42,A_ALA_44,A_THR_45,A_ARG_51,A_GLY_58,A_PRO_60,A_ASP_105,A_GLU_106,A_LYS_159,A_GLY_185,A_ILE_186,A_GLY_187,A_ILE_189,A_THR_190,A_GLY_218,A_GLU_219,A_ALA_220,A_ARG_242,A_LYS_243,A_SER_244,A_ILE_245,A_GLY_246,A_ARG_247,A_ILE_248,A_LYS_275,A_LEU_293,A_VAL_296,A_SER_297,A_ARG_298,A_GLY_299,A_THR_301,A_ARG_331,A_ARG_332,A_ARG_336,A_LYS_339"
1h6lA,"A_GLU_43,A_ASP_52,A_ASP_55,A_ASP_56,A_LYS_76,A_ARG_122,A_TYR_159,A_LYS_179,A_GLU_211,A_GLU_227,A_ASP_228,A_ASP_258,A_GLU_260,A_GLN_279,A_ASP_308,A_GLY_309,A_THR_310,A_ASP_314,A_GLU_338,A_ILE_340,A_ASP_341"
2v3yA,"A_TYR_229,A_HIS_243,A_ASP_260,A_ASP_271,A_HIS_350,A_GLY_351,A_HIS_354,A_TYR_366,A_GLU_383,A_ARG_404,A_GLU_406,A_ASP_408"
3g5sA,"A_GLY_8,A_GLY_10,A_LEU_11,A_ALA_12,A_GLY_13,A_SER_14,A_ALA_16,A_ALA_17,A_HIS_41,A_CYS_51,A_SER_52,A_VAL_121,A_VAL_130,A_LEU_131,A_ALA_132,A_THR_133,A_GLY_134,A_PRO_135,A_THR_137,A_SER_138,A_ALA_155,A_CYS_189,A_GLY_276,A_ARG_309,A_ASN_310,A_TYR_312,A_ALA_333,A_ALA_334,A_GLY_335,A_VAL_336,A_LEU_337,A_ALA_338,A_GLY_339,A_GLY_342,A_TYR_343,A_SER_346,A_ALA_347,A_ALA_348,A_THR_349,A_GLY_350,A_LEU_352,A_ALA_353,A_GLY_354,A_GLY_389"
2qthA,"A_TYR_187,A_ASN_189,A_SER_190,A_GLY_191,A_LYS_192,A_THR_193,A_SER_194,A_ASN_300,A_LYS_301,A_ASP_303,A_LYS_304,A_ALA_335,A_LEU_336"
3rp8A,"A_ILE_4,A_ILE_6,A_GLY_7,A_GLY_9,A_ILE_10,A_GLY_11,A_GLY_12,A_LEU_13,A_SER_14,A_ALA_15,A_GLU_30,A_ILE_42,A_SER_43,A_GLY_48,A_PRO_100,A_LYS_123,A_ARG_124,A_VAL_125,A_ILE_151,A_ALA_152,A_ALA_153,A_ASP_154,A_GLY_155,A_PRO_209,A_TYR_216,A_PHE_217,A_GLY_284,A_ASP_285,A_ALA_286,A_THR_290,A_PRO_292,A_GLN_296,A_GLY_297,A_GLY_298,A_CYS_299,A_ALA_305,A_LEU_308"
1bgvA,"A_GLY_91,A_GLN_110,A_LYS_113,A_LYS_125,A_ALA_163,A_GLY_164,A_ASP_165,A_THR_193,A_THR_209,A_GLY_244,A_SER_260,A_ALA_346,A_VAL_372,A_ASN_373,A_VAL_377,A_SER_380"
2dbyA,"A_ASN_11,A_VAL_12,A_GLY_13,A_LYS_14,A_SER_15,A_THR_16,A_ARG_108,A_PHE_110,A_ASN_209,A_VAL_210,A_SER_242,A_ALA_243,A_ARG_244"
3peyA,"A_PHE_112,A_LYS_114,A_GLN_119,A_SER_140,A_GLY_141,A_THR_142,A_GLY_143,A_LYS_144,A_THR_145,A_PRO_170,A_SER_171,A_ARG_172,A_PRO_198,A_THR_215,A_THR_218,A_GLU_240,A_GLN_247,A_LYS_340,A_HIS_361,A_GLY_362,A_ARG_369,A_THR_387,A_ASN_388,A_VAL_389,A_GLY_393,A_ASP_395,A_ARG_426,A_ARG_429,A_PHE_430"
1jk7A,"A_ASP_64,A_HIS_66,A_ASP_92,A_ARG_96,A_HIS_125,A_SER_129,A_ILE_130,A_TYR_134,A_HIS_173,A_TRP_206,A_ASP_220,A_ARG_221,A_VAL_223,A_ARG_246,A_HIS_248,A_GLU_252,A_TYR_272,A_CYS_273,A_GLU_275,A_PHE_276"
3mzoB,"B_ARG_18,B_HIS_33,B_HIS_67,B_ASP_68,B_GLU_71,B_ASP_76,B_LYS_78,B_ASP_137,B_ASP_140,B_GLU_144"
2zyjA,"A_ILE_22,A_ARG_23,A_GLY_39,A_GLY_40,A_SER_100,A_GLN_101,A_SER_124,A_TYR_125,A_ILE_169,A_ASN_174,A_ASP_202,A_ALA_204,A_TYR_205,A_SER_235,A_SER_237,A_LYS_238,A_ARG_245,A_GLY_354,A_ARG_368,A_TYR_371"
1uy3A,"A_GLU_25,A_GLU_27,A_GLY_41,A_THR_42,A_PRO_43,A_TYR_51,A_TRP_107,A_ASN_108,A_ASN_135,A_ASP_137"
2y7fC,"C_THR_7,C_GLU_14,C_HIS_46,C_HIS_48,C_SER_82,C_GLY_84,C_GLY_85,C_VAL_87,C_THR_106,C_ASN_108,C_PHE_114,C_PHE_119,C_GLU_141,C_GLU_143,C_TYR_145,C_VAL_172,C_ALA_203,C_ALA_205,C_ARG_226,C_GLU_230,C_ASP_231"
1gqyB,"B_HIS_70,B_HIS_74,B_THR_126,B_HIS_127,B_GLY_128,B_LYS_129,B_THR_130,B_THR_131,B_THR_132,B_THR_133,B_SER_137,B_GLU_173,B_HIS_291,B_ASN_295,B_ARG_326,B_ASP_345,B_TYR_346,B_GLY_347,B_HIS_348,B_HIS_349,B_GLU_352,B_THR_356,B_HIS_376"
4ej5A,"A_PHE_163,A_PHE_194,A_THR_215,A_THR_220,A_HIS_223,A_GLU_224,A_HIS_227,A_HIS_230,A_GLU_262,A_PHE_266,A_ARG_363,A_TYR_366,A_ASP_370"
3c7fA,"A_PHE_56,A_TRP_101,A_GLY_124,A_TRP_160,A_PHE_162,A_TRP_193,A_PHE_224,A_GLU_225,A_PHE_244,A_GLY_286,A_GLY_287,A_ASN_288,A_GLU_361"
1g38D,"D_VAL_21,D_ALA_47,D_GLU_71,D_ILE_72,D_ASP_73,D_ALA_76,D_ALA_88,D_ASP_89,D_PHE_90,D_LEU_103,D_GLY_104,D_ASN_105,D_PRO_106,D_PRO_107,D_TYR_108,D_GLY_109,D_PHE_146,D_VAL_161,D_VAL_163,D_GLU_172,D_SER_272,D_PRO_273,D_HIS_335,D_PRO_393,D_HIS_394"
2wjeA,"A_HIS_5,A_HIS_7,A_ASP_13,A_ASP_14,A_HIS_42,A_GLU_80,A_GLU_108,A_HIS_136,A_ARG_139,A_ASP_199,A_MET_200,A_HIS_201,A_ARG_206"
2dpmA,"A_TRP_17,A_THR_18,A_GLY_19,A_GLY_20,A_LYS_21,A_PRO_42,A_PHE_43,A_VAL_44,A_GLY_45,A_GLY_46,A_ALA_48,A_ASP_62,A_PHE_63,A_GLY_176,A_ASP_177,A_PHE_178,A_TYR_192,A_PHE_193,A_ASP_194,A_PRO_195,A_PRO_196,A_PHE_214"
1i9cC,"C_LEU_8,C_GLY_9,C_CYS_15,C_SER_61,C_GLY_91,C_GLY_92,C_GLY_97"
1t2aA,"A_GLY_30,A_THR_32,A_GLY_33,A_GLN_34,A_ASP_35,A_ARG_55,A_ARG_56,A_SER_57,A_SER_58,A_ASP_86,A_LEU_87,A_LEU_108,A_GLY_109,A_ALA_110,A_SER_112,A_VAL_114,A_TYR_123,A_VAL_127,A_ALA_153,A_SER_154,A_THR_155,A_TYR_179,A_LYS_183,A_GLY_204,A_ILE_205,A_LEU_206,A_ASN_208,A_HIS_209,A_ARG_214,A_ASN_217,A_PHE_218,A_VAL_219,A_LYS_222,A_LEU_240,A_GLY_241,A_ASN_242,A_ALA_245,A_ARG_247,A_ALA_274,A_VAL_281,A_TYR_323,A_ARG_325,A_GLU_328"
1lwdB,"B_LYS_73,B_ALA_75,B_THR_76,B_ILE_77,B_THR_78,B_ARG_83,B_SER_95,B_ASN_97,B_ARG_101,B_ARG_110,B_ARG_133,B_TYR_140,B_LYS_212,B_ASP_252,B_ASP_275,B_ASP_279,B_ALA_308,B_HIS_309,B_GLY_310,B_THR_311,B_VAL_312,B_THR_313,B_ARG_314,B_HIS_315,B_THR_327,B_ASN_328,B_CYS_363"
1iw1A,"A_LYS_13,A_HIS_20,A_GLU_24,A_MET_29,A_LEU_33,A_TYR_130,A_VAL_131,A_ARG_132,A_GLY_135,A_SER_138,A_GLY_139,A_VAL_142,A_LYS_173,A_ARG_177,A_PHE_201,A_ASN_204,A_PHE_208"
1uqtA,"A_ARG_9,A_TRP_85,A_HIS_129,A_ASP_130,A_HIS_132,A_PHE_152,A_HIS_154,A_ILE_155,A_GLN_185,A_ILE_225,A_VAL_260,A_ARG_262,A_LYS_267,A_PRO_297,A_ARG_300,A_HIS_338,A_PHE_339,A_ARG_341,A_LEU_344,A_ASP_361,A_GLY_362,A_MET_363,A_ASN_364,A_LEU_365,A_VAL_366,A_GLU_369"
2q3eL,"L_ILE_10,L_GLY_11,L_GLY_13,L_TYR_14,L_VAL_15,L_SER_21,L_ASP_36,L_VAL_37,L_ARG_41,L_SER_88,L_ASN_90,L_THR_91,L_TYR_108,L_CYS_112,L_SER_130,L_THR_131,L_GLU_161,L_PHE_162,L_ALA_164,L_GLU_165,L_LYS_220,L_ASN_224,L_ILE_231,L_LYS_267,L_SER_269,L_PHE_272,L_GLY_273,L_SER_275,L_CYS_276,L_PHE_277,L_LYS_279,L_LEU_334,L_PHE_338,L_LYS_339,L_ARG_346,L_ARG_442"
1btnA,"A_LYS_8,A_SER_20,A_ARG_21,A_SER_22,A_TRP_23,A_TYR_69,A_LYS_70,A_LYS_71,A_LYS_72"
1si0A,"A_ARG_10,A_GLN_11,A_LEU_14,A_VAL_58,A_ARG_101,A_ARG_103,A_ARG_136,A_TYR_142,A_HIS_153,A_ASP_178,A_ASN_196,A_SER_197,A_TYR_198,A_TYR_199,A_GLU_268"
3atrA,"A_LEU_9,A_ILE_11,A_GLY_12,A_GLY_13,A_GLY_14,A_PHE_15,A_ALA_16,A_GLY_17,A_ALA_20,A_ALA_21,A_ASP_35,A_LYS_45,A_PRO_46,A_CYS_47,A_GLY_48,A_ASP_49,A_THR_121,A_ALA_122,A_VAL_154,A_GLU_155,A_ALA_156,A_THR_157,A_GLY_158,A_TYR_215,A_TRP_217,A_PHE_219,A_ALA_279,A_TRP_280,A_ILE_283,A_ILE_284,A_VAL_285,A_ILE_286,A_GLY_287,A_ASP_288,A_SER_289,A_GLY_290,A_THR_292,A_VAL_293,A_GLY_298,A_GLY_299,A_GLY_300,A_LYS_301,A_GLY_302,A_SER_303,A_ALA_304,A_GLY_308,A_ALA_311"
1ktgA,"A_GLU_19,A_PRO_29,A_HIS_31,A_LYS_36,A_GLY_37,A_GLU_52,A_GLU_55,A_GLU_56,A_TYR_76,A_LYS_83,A_GLU_103,A_GLU_111,A_TYR_121"
2yzbC,"C_TYR_20,C_VAL_64,C_ALA_66,C_THR_67,C_PHE_163,C_LEU_174,C_ARG_180,C_ALA_221,C_LEU_222,C_GLN_223,C_ASN_249,C_HIS_251,C_GLY_277,C_ILE_279"
1ohaA,"A_LYS_8,A_GLY_10,A_GLY_11,A_GLY_43,A_GLY_44,A_GLY_45,A_ASN_158,A_ASN_160,A_ALA_161,A_SER_180,A_ASP_181,A_VAL_182,A_LEU_186,A_ILE_209,A_ILE_210,A_THR_211,A_ASP_212,A_GLY_213,A_MET_214,A_LYS_217"
2zfoB,"B_LEU_45,B_PHE_46,B_VAL_49,B_HIS_62,B_ARG_65,B_ARG_89,B_LEU_90,B_GLN_93,B_HIS_94,B_ARG_97,B_PHE_107,B_VAL_115,B_PHE_124"
2vvnB,"B_GLY_135,B_PHE_136,B_TYR_137,B_LYS_166,B_VAL_203,B_TRP_204,B_ALA_205,B_ALA_238,B_ASP_242,B_ASP_243,B_CYS_278,B_TYR_282,B_MET_308,B_TRP_309,B_THR_310,B_VAL_314,B_TRP_337,B_TRP_338,B_ASN_339,B_VAL_342,B_ASP_344,B_TYR_345,B_VAL_370,B_THR_371,B_ASN_372,B_SER_386,B_ALA_682"
3gq4A,"A_ARG_127,A_ARG_251,A_CYS_252,A_ARG_271"
2qdxA,"A_PHE_37,A_ARG_51,A_ALA_52,A_TYR_53,A_SER_54,A_PHE_67,A_ILE_69,A_VAL_71,A_GLY_74,A_PRO_75,A_LEU_76,A_THR_77,A_TYR_111,A_SER_114,A_THR_115,A_THR_117,A_ALA_120,A_ARG_182,A_GLU_252,A_ARG_253,A_ALA_254,A_PHE_255,A_VAL_256,A_GLU_257,A_LYS_258"
2a7nA,"A_TYR_26,A_PRO_79,A_ALA_81,A_SER_108,A_ALA_110,A_GLN_129,A_TYR_131,A_THR_156,A_ARG_165,A_LYS_231,A_HIS_255,A_GLY_256,A_ARG_258,A_ASP_284,A_SER_285,A_GLY_286,A_ARG_288,A_GLY_307,A_ARG_308,A_ALA_309"
2pnyA,"A_ARG_16,A_LYS_36,A_HIS_40,A_HIS_51,A_ARG_70,A_LYS_74,A_SER_86,A_SER_87,A_HIS_88,A_ARG_111,A_GLU_115,A_GLU_146,A_GLU_148"
1jrzA,"A_PHE_7,A_HIS_8,A_VAL_9,A_CYS_14,A_CYS_17,A_HIS_18,A_LEU_24,A_CYS_39,A_HIS_40,A_HIS_52,A_HIS_58,A_VAL_66,A_ALA_67,A_THR_69,A_CYS_71,A_HIS_72,A_SER_73,A_ALA_74,A_HIS_75,A_CYS_82,A_MET_92,A_TYR_94,A_GLY_133,A_ALA_141,A_ALA_169,A_GLY_170,A_TYR_298,A_THR_313,A_THR_336,A_HIS_365,A_VAL_374,A_MET_375,A_THR_377,A_GLU_378,A_TYR_402,A_LEU_438,A_HIS_504,A_HIS_505,A_GLY_533,A_ARG_544,A_GLY_546,A_GLY_547,A_ASN_548,A_ALA_549,A_ILE_550,A_SER_551"
3mk0A,"A_ASP_42,A_ASP_91,A_PHE_107,A_GLN_108,A_ARG_150,A_HIS_153,A_SER_155,A_ARG_166,A_GLY_211,A_PRO_213,A_PRO_218,A_TYR_221,A_ARG_250,A_LEU_253,A_MET_254,A_SER_257,A_ASP_285,A_GLU_290,A_GLU_293,A_ALA_294,A_ARG_297,A_GLU_311,A_ASP_316,A_HIS_317,A_HIS_319,A_HIS_320,A_ASP_357,A_HIS_358,A_HIS_360,A_GLU_429,A_HIS_432"
2q3wA,"A_CYS_45,A_HIS_47,A_GLN_48,A_ILE_50,A_SER_53,A_GLU_54,A_CYS_64,A_ALA_66,A_HIS_67,A_LEU_68,A_TRP_69"
1fx7A,"A_GLU_9,A_ARG_13,A_ASP_17,A_GLU_20,A_GLU_21,A_ARG_33,A_VAL_75,A_MET_76,A_LYS_78,A_HIS_79,A_ARG_80,A_GLU_83,A_HIS_98,A_CYS_102,A_GLU_105,A_HIS_106,A_ARG_153,A_GLU_172,A_HIS_173,A_HIS_219,A_GLU_220,A_HIS_223"
1mlqA,"A_THR_39,A_LYS_42,A_PHE_43,A_ARG_45,A_HIS_64,A_THR_67,A_LEU_68,A_ALA_71,A_LEU_89,A_SER_92,A_HIS_93,A_HIS_97,A_ILE_99,A_TYR_103,A_ILE_107,A_PHE_138"
1jbwA,"A_ARG_15,A_HIS_43,A_VAL_44,A_THR_45,A_GLY_46,A_THR_47,A_ASN_48,A_GLY_49,A_LYS_50,A_GLY_51,A_SER_52,A_ALA_53,A_ALA_54,A_ASN_55,A_ALA_58,A_HIS_59,A_SER_73,A_PRO_74,A_PHE_75,A_ARG_82,A_GLU_120,A_PHE_121,A_GLU_143,A_VAL_144,A_ASP_151,A_SER_152,A_SER_161,A_VAL_162,A_LEU_163,A_THR_164,A_GLU_165,A_TYR_260,A_ARG_263,A_ASN_264,A_MET_265,A_ILE_267,A_TRP_297,A_ARG_300,A_ASP_313,A_GLY_314,A_ALA_315,A_HIS_316,A_ASP_319,A_SER_412,A_LEU_413,A_TYR_414,A_SER_417"
1kwfA,"A_ARG_84,A_VAL_93,A_GLN_95,A_TRP_132,A_GLY_145,A_GLY_148,A_ALA_149,A_ALA_150,A_ASP_152,A_ASP_156,A_PRO_201,A_ARG_204,A_TRP_205,A_ASN_212,A_TYR_215,A_TYR_277,A_ASP_278,A_THR_280,A_ARG_281,A_TYR_282,A_ARG_285,A_TYR_371,A_TYR_372"
2pgoB,"B_PHE_25,B_ILE_26,B_GLY_27,B_GLU_52,B_HIS_76,B_VAL_78,B_GLY_79,B_GLN_116,B_HIS_153,B_GLY_214,B_GLY_215,B_THR_239,B_SER_240,B_THR_241,B_GLY_258,B_PHE_259,B_GLY_279,B_SER_280,B_ARG_281,B_TRP_285,B_ASP_302,B_THR_303,B_ILE_398,B_SER_420,B_MET_421,B_GLY_424,B_LEU_426,B_GLY_450,B_ASP_451,B_GLY_452,B_ALA_453,B_TYR_456,B_ASN_478,B_SER_480,B_TYR_481,B_GLY_482,B_ALA_483,B_ASN_484"
2hf9A,"A_ILE_42,A_GLY_43,A_GLY_45,A_HIS_100,A_HIS_104,A_GLY_123,A_GLU_146,A_LYS_153,A_ASP_170,A_ALA_174,A_VAL_175,A_LEU_200,A_LYS_201"
1u02A,"A_ASP_7,A_ASP_9,A_ILE_15,A_PRO_19,A_PHE_39,A_ASP_40,A_THR_41,A_ARG_47,A_ASP_59,A_ASN_61,A_LEU_116,A_ASP_179,A_ASP_183"
1n1dB,"B_GLY_8,B_THR_9,B_PHE_10,B_HIS_14,B_HIS_17,B_LEU_20,B_LYS_44,B_LYS_46,B_GLU_71,B_TRP_74,B_LYS_77,B_MET_91,B_GLY_92,B_ASP_94,B_TRP_95,B_PHE_99,B_ARG_113,B_THR_114,B_ILE_117,B_SER_118,B_THR_119"
2pfzA,"A_TRP_120,A_GLN_123,A_ILE_125,A_ARG_143,A_TYR_145,A_GLN_165,A_MET_181,A_SER_182,A_SER_183,A_THR_186,A_TRP_205,A_PRO_207"
3a9iA,"A_ASP_8,A_SER_9,A_ARG_12,A_GLU_13,A_GLU_43,A_HIS_72,A_ASP_92,A_LEU_94,A_ARG_133,A_SER_135,A_ALA_164,A_THR_166,A_GLU_193,A_HIS_195,A_HIS_197,A_HIS_217,A_ASP_219,A_THR_220"
1oj6B,"B_PHE_28,B_LEU_31,B_LEU_41,B_PHE_42,B_TYR_44,B_PHE_49,B_PHE_61,B_HIS_64,B_LYS_67,B_VAL_68,B_VAL_71,B_TYR_88,B_LEU_92,B_LYS_95,B_HIS_96,B_PHE_106,B_VAL_109,B_TYR_137"
2ddsA,A_ASP_195
3agcA,"A_LEU_104,A_ILE_119,A_GLY_120,A_SER_121,A_ILE_123,A_ILE_135,A_SER_139,A_PHE_141,A_PHE_151,A_VAL_152,A_GLU_154,A_ILE_156,A_ILE_166,A_PRO_170,A_TYR_207,A_SER_209,A_PRO_210,A_VAL_214,A_PHE_283,A_SER_287,A_ASP_291,A_LEU_292,A_ILE_312,A_PHE_316"
1qdbA,"A_TRP_52,A_TYR_56,A_GLN_59,A_PHE_60,A_TRP_63,A_TYR_69,A_TYR_95,A_ASN_96,A_PRO_98,A_ARG_99,A_GLY_100,A_HIS_101,A_TYR_103,A_ALA_104,A_ASP_107,A_ASN_108,A_SER_111,A_ARG_113,A_THR_114,A_LEU_125,A_CYS_129,A_CYS_132,A_LYS_133,A_ILE_165,A_GLY_166,A_CYS_167,A_CYS_170,A_HIS_171,A_LEU_178,A_HIS_202,A_ARG_206,A_VAL_209,A_CYS_210,A_GLN_212,A_CYS_213,A_HIS_214,A_TYR_217,A_PHE_219,A_VAL_237,A_LYS_279,A_GLN_281,A_HIS_282,A_TRP_288,A_ILE_292,A_HIS_293,A_LYS_296,A_VAL_298,A_SER_299,A_CYS_300,A_CYS_303,A_HIS_304,A_MET_305,A_TYR_307,A_TYR_315,A_SER_316,A_HIS_318,A_VAL_320,A_LYS_321,A_GLU_322,A_ASN_323,A_PRO_324,A_LEU_325,A_SER_331,A_CYS_332,A_CYS_335,A_HIS_336,A_LEU_343,A_VAL_347,A_LYS_350,A_ALA_404,A_HIS_406,A_GLY_407,A_TYR_409,A_PHE_410,A_HIS_411"
2f5vA,"A_ILE_51,A_VAL_52,A_GLY_53,A_GLY_55,A_PRO_56,A_ILE_57,A_CYS_59,A_THR_60,A_ASP_76,A_ILE_77,A_THR_158,A_ARG_159,A_VAL_160,A_GLY_163,A_MET_164,A_HIS_167,A_TRP_168,A_THR_169,A_ALA_171,A_VAL_281,A_CYS_283,A_VAL_317,A_LEU_318,A_THR_319,A_ALA_320,A_HIS_324,A_HIS_446,A_GLN_448,A_ASP_452,A_ARG_472,A_PHE_474,A_VAL_546,A_LEU_547,A_HIS_548,A_GLY_551,A_HIS_553,A_GLY_584,A_ASN_593,A_THR_595,A_ALA_598,A_SER_600,A_LYS_610"
2y3cA,"A_TRP_265,A_ARG_293"
1aqhA,"A_HIS_7,A_TRP_11,A_TRP_47,A_ASP_84,A_ASN_88,A_HIS_89,A_TYR_127,A_GLN_135,A_VAL_140,A_ASP_144,A_ARG_172,A_ASP_174,A_ALA_175,A_LYS_177,A_HIS_178,A_GLU_200,A_THR_221,A_ASN_262,A_HIS_263,A_ASP_264,A_HIS_269,A_LYS_300"
3fvbA,"A_GLU_18,A_LEU_19,A_VAL_22,A_ASN_23,A_TRP_26,A_ARG_45,A_GLU_51,A_MET_52,A_HIS_53,A_HIS_54,A_LEU_71,A_GLU_127"
3sm8A,"A_LEU_1007,A_VAL_1008,A_ILE_1009,A_GLY_1010,A_ALA_1011,A_GLY_1012,A_ILE_1013,A_ALA_1014,A_GLY_1015,A_ALA_1016,A_SER_1017,A_THR_1018,A_GLY_1019,A_GLU_1032,A_ARG_1033,A_GLU_1034,A_HIS_1040,A_SER_1041,A_THR_1042,A_ARG_1044,A_SER_1045,A_ALA_1046,A_ALA_1047,A_HIS_1048,A_THR_1050,A_TYR_1053,A_THR_1062,A_GLU_1087,A_GLU_1170,A_ALA_1171,A_VAL_1196,A_ALA_1198,A_ALA_1199,A_GLY_1200,A_TRP_1202,A_ILE_1206,A_ARG_1222,A_MET_1240,A_TYR_1249,A_GLY_1303,A_ARG_1305,A_VAL_1327,A_ALA_1328,A_GLN_1330,A_GLY_1331,A_GLY_1332,A_TYR_1333,A_GLY_1334,A_ILE_1335,A_GLN_1336,A_THR_1337,A_SER_1338"
3uylA,"A_THR_12,A_HIS_13,A_ASN_202,A_MET_224,A_GLY_225,A_MET_227,A_VAL_228,A_ALA_255,A_VAL_256,A_PRO_257,A_SER_276,A_VAL_277,A_PRO_278,A_LEU_279,A_GLY_294,A_SER_295,A_GLY_296,A_THR_297,A_THR_300"
1o03A,"A_ASP_8,A_ASP_10,A_HIS_20,A_TRP_24,A_LYS_45,A_GLY_46,A_VAL_47,A_ARG_49,A_SER_52,A_SER_114,A_ALA_115,A_SER_116,A_LYS_117,A_ASN_118,A_LYS_145,A_GLU_169,A_ASP_170,A_SER_171"
2wcmA,"A_VAL_8,A_THR_9,A_PHE_12,A_PHE_33,A_PHE_36,A_ILE_52,A_SER_56,A_MET_62,A_VAL_66,A_MET_68,A_MET_73,A_MET_90,A_ILE_94,A_GLU_98,A_VAL_111,A_VAL_114,A_ALA_115,A_PHE_118"
3rufA,"A_GLY_23,A_GLY_26,A_PHE_27,A_GLN_98,A_ALA_100,A_ALA_140,A_ALA_141,A_SER_142,A_SER_143,A_SER_144,A_TYR_166,A_LYS_170,A_LEU_191,A_TYR_193,A_ASN_195,A_VAL_196,A_ALA_209,A_VAL_210,A_LYS_213,A_TRP_214,A_TYR_225,A_ILE_226,A_ASN_227,A_THR_232,A_ARG_234,A_LEU_271,A_ARG_299,A_ASP_302,A_SER_306"
2fjbA,"A_ILE_27,A_GLY_29,A_GLY_30,A_GLY_31,A_PHE_32,A_SER_33,A_GLY_34,A_CYS_35,A_GLY_36,A_ALA_37,A_ALA_38,A_GLU_56,A_LYS_57,A_SER_63,A_GLY_64,A_ALA_65,A_VAL_66,A_LEU_70,A_ALA_72,A_ASN_74,A_TYR_95,A_GLN_145,A_VAL_174,A_PHE_175,A_ILE_176,A_PHE_177,A_ALA_209,A_ILE_211,A_LEU_212,A_ALA_213,A_THR_214,A_GLY_215,A_GLY_216,A_TRP_234,A_ALA_236,A_ASP_239,A_GLY_241,A_SER_242,A_GLY_243,A_ALA_252,A_PHE_264,A_ARG_265,A_PRO_272,A_VAL_273,A_GLY_274,A_PHE_277,A_LEU_278,A_CYS_282,A_ALA_284,A_TYR_292,A_ILE_293,A_PRO_311,A_ARG_317,A_ASN_318,A_VAL_321,A_MET_365,A_SER_397,A_HIS_398,A_GLU_401,A_ALA_402,A_GLY_403,A_ALA_436,A_ILE_437,A_GLY_438,A_ASP_439,A_ALA_441,A_PHE_448,A_SER_449,A_SER_450,A_GLY_451,A_SER_452,A_HIS_576,A_HIS_584"
1kt8B,"B_TYR_570,B_PHE_575,B_ARG_599,B_TYR_641,B_ARG_643,B_VAL_655,B_ARG_692,B_LYS_702,B_TYR_707,B_GLU_737,B_THR_740,B_MET_741,B_ASN_742,B_THR_758,B_LEU_766,B_GLY_768,B_VAL_769,B_VAL_770,B_GLY_812,B_THR_813,B_CYS_818"
2gsmA,"A_TRP_20,A_LEU_34,A_PHE_35,A_GLY_38,A_VAL_45,A_THR_48,A_MET_51,A_ARG_52,A_MET_53,A_MET_56,A_ALA_57,A_GLY_59,A_VAL_60,A_GLN_61,A_ALA_84,A_ILE_99,A_HIS_102,A_GLY_103,A_MET_106,A_MET_107,A_VAL_110,A_VAL_111,A_GLY_171,A_TRP_172,A_HIS_333,A_THR_352,A_PHE_364,A_ILE_367,A_TRP_371,A_ASP_407,A_HIS_411,A_TYR_414,A_HIS_419,A_PHE_420,A_HIS_421,A_MET_424,A_SER_425,A_VAL_429,A_ILE_432,A_MET_443,A_SER_444,A_TRP_451,A_MET_460,A_THR_467,A_PHE_468,A_GLN_471,A_ARG_481,A_ARG_482,A_ALA_501,A_PHE_502,A_SER_504,A_PHE_505,A_ALA_506,A_PHE_508,A_PHE_510,A_PHE_511,A_TYR_517"
1qtwA,"A_HIS_7,A_PRO_68,A_HIS_69,A_ASP_70,A_HIS_109,A_GLU_145,A_ASN_146,A_ILE_178,A_ASP_179,A_CYS_181,A_HIS_182,A_ALA_183,A_HIS_216,A_ASP_229,A_HIS_231,A_GLU_261"
3jw9A,"A_SER_87,A_GLY_88,A_TYR_113,A_CYS_115,A_GLU_156,A_ASP_185,A_THR_187,A_SER_207,A_VAL_338,A_SER_339,A_LEU_340,A_ARG_374"
3nm5B,"B_ALA_9,B_ILE_52,B_VAL_78,B_ALA_79,B_GLY_80,B_GLN_152,B_PHE_153,B_VAL_154,B_ALA_171,B_VAL_172,B_GLU_173,B_MET_174,B_GLU_175,B_GLY_176,B_LEU_193,B_ARG_194,B_SER_195,B_ASP_198,B_PHE_208"
1jkuE,"E_GLU_35,E_ASP_57,E_ASP_61,E_GLU_66,E_HIS_69,E_ARG_147,E_GLU_148,E_LEU_174,E_GLU_178,E_HIS_181,E_GLY_222"
3a9wA,"A_GLY_9,A_ILE_33,A_LEU_69,A_ALA_70,A_LEU_73,A_SER_74,A_VAL_87,A_THR_112,A_PHE_137,A_LYS_141,A_TYR_164,A_GLY_177,A_THR_178,A_THR_179,A_TRP_273"
1fihB,"B_ASP_161,B_GLU_165,B_ASP_187,B_GLU_198,B_CYS_200,B_ASN_210,B_ASP_212"
3a2xC,"C_PRO_43,C_THR_47,C_PRO_48,C_VAL_49,C_ARG_126,C_ARG_149"
2woeC,"C_GLY_20,C_ASP_21,C_GLU_28,C_ASP_60,C_ASP_61,C_THR_62,C_ASN_100,C_THR_101,C_CYS_102,C_GLY_105,C_GLU_121,C_GLY_122,C_GLY_125,C_ASN_126,C_GLY_127,C_HIS_158,C_ALA_211,C_TYR_212,C_ASP_243,C_ALA_244,C_ASP_245,C_THR_246,C_THR_247,C_GLY_248,C_GLY_252,C_ALA_257"
3m7iA,"A_HIS_28,A_ALA_31,A_HIS_67,A_HIS_101,A_GLY_114,A_PRO_115,A_LEU_116,A_GLY_151,A_ASP_152,A_GLY_153,A_ASP_154,A_GLU_157,A_ASN_182,A_ILE_184,A_ILE_186,A_ILE_242,A_HIS_256,A_GLY_257,A_ASP_364,A_LEU_365,A_ILE_389,A_GLU_391,A_PHE_414,A_PHE_417,A_TYR_420,A_HIS_453,A_ASP_475"
4dzhA,"A_HIS_78,A_THR_79,A_HIS_80,A_TRP_98,A_TRP_104,A_ASN_138,A_TYR_139,A_HIS_200,A_HIS_225,A_LEU_226,A_HIS_227,A_THR_228,A_GLU_230,A_HIS_264,A_ASP_315"
3k9wA,"A_TYR_6,A_PRO_7,A_GLY_8,A_THR_9,A_PHE_10,A_GLY_16,A_HIS_17,A_LEU_20,A_ALA_36,A_LYS_41,A_PHE_69,A_GLY_71,A_LEU_72,A_LEU_73,A_ARG_87,A_GLY_88,A_ARG_90,A_SER_93,A_ASP_94,A_TYR_97,A_GLU_98,A_MET_101,A_ASN_105,A_PRO_119,A_TYR_123,A_ILE_126,A_GLY_128,A_THR_129,A_PRO_147"
1bx4A,"A_ASN_14,A_LEU_16,A_ASP_18,A_LEU_40,A_GLY_64,A_SER_65,A_THR_66,A_ASN_68,A_SER_69,A_CYS_123,A_ALA_125,A_ASP_130,A_ASN_131,A_ALA_136,A_PHE_170,A_THR_265,A_GLY_267,A_ARG_268,A_VAL_284,A_ASP_286,A_GLN_289,A_ILE_292,A_ASN_296,A_GLY_297,A_ALA_298,A_GLY_299,A_ASP_300,A_HIS_324,A_ALA_327,A_ILE_331"
3pvnQ,"Q_ASP_60,Q_ASN_61,Q_LEU_64,Q_GLU_138,Q_ASP_140,Q_GLN_150"
3g15A,"A_ARG_117,A_LEU_124,A_LEU_144,A_ARG_146,A_PRO_194,A_GLU_206,A_GLN_207,A_PHE_208,A_ILE_209,A_ARG_213,A_HIS_304,A_ASN_305,A_ASP_306,A_CYS_307,A_GLN_308,A_GLY_310,A_ASN_311,A_ILE_329,A_ASP_330,A_GLU_332,A_TYR_333,A_GLU_349,A_TYR_354,A_PHE_361,A_TRP_420,A_TRP_423,A_GLU_434,A_PHE_435,A_TYR_440,A_TYR_448"
3zt9A,"A_TYR_165,A_ARG_166"
3u52A,"A_GLU_36,A_TRP_47,A_TRP_50,A_LEU_99,A_PHE_100,A_LEU_107,A_GLU_108,A_ALA_111,A_LYS_117,A_GLU_138,A_GLN_145,A_ALA_148,A_MET_149,A_HIS_155,A_TRP_170,A_TYR_171,A_VAL_174,A_ARG_183,A_ALA_185,A_PHE_188,A_PHE_190,A_LEU_191,A_ILE_194,A_SER_197,A_PHE_198,A_GLU_199,A_VAL_201,A_LEU_202,A_PHE_207,A_MET_211,A_THR_222,A_PHE_225,A_GLU_233,A_PHE_246,A_PHE_266,A_GLY_269,A_ARG_271,A_LEU_272,A_LEU_273,A_LEU_275,A_VAL_276,A_MET_278,A_MET_279,A_PHE_307,A_VAL_323,A_ALA_327,A_PHE_339,A_TYR_342,A_GLN_344,A_ALA_345,A_PHE_348,A_ASN_392,A_ASN_393,A_THR_394,A_LEU_395,A_PRO_396,A_ILE_404,A_PRO_405,A_PHE_408,A_THR_409,A_GLU_410,A_LYS_411,A_SER_418,A_ARG_420,A_SER_433,A_ASP_434,A_ILE_457,A_LEU_467,A_TYR_475,A_HIS_494"
3arcV,"V_ALA_36,V_CYS_37,V_CYS_40,V_HIS_41,V_THR_46,V_THR_48,V_LEU_52,V_ASP_53,V_LEU_54,V_THR_58,V_LEU_59,V_ALA_62,V_LEU_72,V_TYR_75,V_MET_76,V_THR_81,V_TYR_82,V_ILE_88,V_HIS_92,V_PRO_93,V_MET_104,V_ILE_119"
2wj6A,"A_GLY_35,A_TRP_36,A_CYS_37,A_HIS_38,A_TRP_61,A_SER_99,A_HIS_100,A_SER_101,A_HIS_102,A_GLY_103,A_ASP_126,A_LEU_143,A_LEU_156,A_TRP_160,A_TRP_185,A_SER_188,A_ILE_192,A_HIS_251,A_PHE_252"
2ez2A,"A_PHE_36,A_THR_49,A_ASP_50,A_SER_51,A_GLU_69,A_GLN_98,A_GLY_99,A_ARG_100,A_GLU_103,A_PHE_123,A_THR_124,A_THR_125,A_ASN_185,A_ASP_214,A_THR_216,A_ARG_217,A_GLU_220,A_ASN_221,A_SER_254,A_GLY_255,A_LYS_256,A_LYS_257,A_ASP_258,A_ALA_295,A_GLY_296,A_HIS_343,A_MET_379,A_GLU_380,A_ARG_381,A_THR_402,A_ARG_404,A_THR_406,A_PHE_448"
3of3B,"B_HIS_18,B_GLY_34,B_ARG_38,B_ARG_57,B_MET_78,B_ARG_101,B_GLY_103,B_SER_104,B_CYS_105,B_GLY_106,B_PHE_173,B_VAL_192,B_GLU_193,B_MET_194,B_GLU_195,B_ALA_196,B_GLY_198,B_SER_217"
2ivfA,"A_HIS_82,A_ASN_84,A_ILE_85,A_CYS_86,A_TRP_87,A_GLY_90,A_SER_91,A_CYS_92,A_GLY_126,A_CYS_127,A_GLY_130,A_HIS_192,A_VAL_193,A_HIS_194,A_ALA_195,A_ILE_221,A_ASP_223,A_TYR_225,A_MET_235,A_GLY_238,A_THR_253,A_CYS_254,A_SER_255,A_ASN_256,A_TRP_257,A_TYR_259,A_THR_260,A_SER_263,A_ALA_282,A_PRO_283,A_ASP_284,A_ASN_286,A_VAL_298,A_GLY_301,A_ASP_303,A_ASP_330,A_SER_442,A_GLY_445,A_PHE_446,A_SER_447,A_LYS_450,A_ASN_470,A_TRP_481,A_SER_607,A_GLN_608,A_ASN_609,A_ARG_612,A_ARG_613,A_ARG_615,A_LEU_635,A_GLU_636,A_THR_637,A_ARG_638,A_SER_640,A_SER_641,A_TRP_654,A_TYR_655,A_THR_662,A_THR_663,A_CYS_665,A_SER_666,A_GLU_687,A_SER_778,A_GLY_847,A_GLY_848,A_HIS_849,A_PRO_850,A_SER_853,A_ILE_854,A_HIS_855,A_SER_856,A_CYS_916,A_PHE_920,A_TYR_932,A_ASP_933,A_GLY_959,A_ASP_966,A_ARG_967"
1othA,"A_ARG_89,A_SER_90,A_THR_91,A_ARG_92,A_THR_93,A_ARG_141,A_LEU_163,A_HIS_168,A_ASN_198,A_ASN_199,A_ILE_200,A_ASP_263,A_SER_267,A_MET_268,A_CYS_303,A_LEU_304,A_ARG_330"
2r59A,"A_GLN_134,A_GLN_136,A_ALA_137,A_TYR_267,A_GLY_268,A_GLY_269,A_MET_270,A_GLU_271,A_ASN_291,A_VAL_292,A_HIS_295,A_GLU_296,A_HIS_299,A_TRP_311,A_PHE_314,A_GLU_318,A_PHE_362,A_LYS_364,A_VAL_367,A_LEU_369,A_PRO_374,A_ASP_375,A_ALA_377,A_TYR_378,A_SER_379,A_SER_380,A_PRO_382,A_TYR_383,A_ARG_563,A_LYS_565"
2qb7A,"A_ASN_35,A_SER_37,A_ASP_39,A_ASP_41,A_SER_42,A_ASP_127,A_ASN_128,A_ASP_147,A_HIS_148,A_HIS_149,A_ASP_202,A_LYS_268,A_SER_286,A_THR_380,A_ARG_381,A_LYS_382"
3bgdB,"B_TRP_28,B_PHE_35,B_HIS_47,B_THR_50,B_PHE_51,B_LEU_64,B_CYS_65,B_GLU_85,B_ILE_86,B_SER_129,B_ARG_147,B_GLY_148,B_VAL_151,B_ALA_152,B_GLN_174,B_PRO_191,B_LEU_212,B_ARG_221,B_TRP_225,B_LEU_236"
2bc0A,"A_VAL_7,A_GLY_8,A_ASN_10,A_HIS_11,A_ALA_12,A_GLY_13,A_CYS_16,A_ASP_34,A_GLN_35,A_ASN_36,A_PRO_80,A_VAL_81,A_ALA_110,A_THR_111,A_GLY_112,A_SER_113,A_LYS_143,A_TYR_170,A_ILE_171,A_PHE_255,A_GLY_291,A_ASP_292,A_ALA_308,A_LEU_309,A_ALA_310,A_SER_311,A_GLY_317,A_ALA_320,A_GLY_400,A_PHE_436,A_LEU_437"
3gueA,"A_LYS_80,A_LEU_81,A_ASN_82,A_GLY_83,A_GLY_84,A_LYS_95,A_MET_130,A_ASN_131,A_GLN_161,A_PRO_187,A_GLY_189,A_HIS_190,A_GLY_191,A_ASP_192,A_VAL_193,A_ILE_216,A_SER_217,A_ASN_218,A_GLY_219,A_ASP_220,A_ASN_221,A_ALA_224,A_GLY_255,A_GLY_256,A_GLU_279,A_PHE_300,A_ASN_301,A_THR_302,A_ASN_303,A_ASN_304,A_ILE_305,A_VAL_349,A_MET_351,A_GLY_352,A_PHE_371,A_LYS_375,A_PRO_406"
1b9hA,"A_ASN_61,A_GLY_62,A_THR_63,A_LEU_66,A_THR_87,A_PHE_88,A_SER_90,A_PRO_132,A_VAL_133,A_ASP_159,A_ALA_160,A_ALA_161,A_HIS_162,A_ALA_163,A_HIS_164,A_THR_181,A_SER_183,A_GLN_185,A_LYS_188,A_TYR_291,A_TRP_361"
2wkaA,"A_HIS_30,A_VAL_32,A_PHE_79,A_SER_107,A_GLY_108,A_TRP_109,A_ASN_112,A_HIS_133,A_ASP_173,A_SER_174,A_SER_177,A_ASP_202,A_SER_204,A_HIS_205,A_SER_206,A_THR_231,A_SER_233,A_LYS_236,A_PHE_257,A_ILE_263,A_PHE_264,A_SER_265,A_SER_266,A_PHE_345,A_CYS_346,A_PRO_348"
2q9uA,"A_PHE_30,A_HIS_31,A_HIS_85,A_GLU_87,A_ASP_89,A_HIS_90,A_HIS_152,A_TRP_153,A_ASP_171,A_TYR_199,A_ILE_203,A_HIS_230,A_SER_265,A_MET_266,A_TYR_267,A_GLY_268,A_THR_269,A_PRO_316,A_THR_317,A_LEU_318,A_ASN_319,A_ASN_320,A_ALA_349,A_PHE_350,A_GLY_351,A_TRP_352,A_SER_353,A_PHE_382"
3a6rC,"C_HIS_27,C_TRP_32,C_TYR_35,C_PRO_47,C_GLY_49,C_HIS_52,C_GLY_82,C_TRP_106,C_LEU_122"
1qfvA,"A_SER_20,A_LEU_21,A_ASP_24,A_TYR_29,A_MET_31,A_VAL_32,A_TYR_36,A_ASP_39,A_VAL_41,A_TRP_42,A_PHE_46,A_VAL_49,A_VAL_51,A_PHE_69,A_GLU_82,A_PHE_98,A_TYR_100,A_PHE_108,A_ASP_110,A_VAL_111,A_ILE_112,A_SER_115,A_ASP_120,A_VAL_121,A_ILE_122,A_VAL_124,A_TYR_134,A_GLU_135,A_LEU_136,A_TRP_137"
2uyuA,"A_ASN_29,A_GLY_30,A_GLY_31,A_ASN_32,A_SER_75,A_HIS_141,A_CYS_142,A_HIS_143,A_HIS_212"
1i7qB,"B_LEU_55,B_SER_56,B_PRO_57,B_GLY_58,B_PRO_59,B_GLY_60,B_PRO_80,B_ILE_81,B_ILE_82,B_GLY_83,B_ILE_84,B_CYS_85,B_LEU_86,B_GLY_87,B_HIS_88,B_GLN_89,B_ALA_90,B_ILE_91,B_TYR_133,B_HIS_134,B_SER_135,B_LEU_136"
3gasC,"C_VAL_130,C_SER_131,C_VAL_133,C_HIS_136,C_ILE_202,C_PHE_208,C_ARG_219,C_VAL_221,C_GLY_223,C_PHE_224,C_GLY_225,C_TYR_237,C_PRO_244"
3c2uA,"A_PHE_11,A_PRO_13,A_ASP_14,A_SER_29,A_PHE_31,A_TRP_33,A_PHE_34,A_TRP_73,A_ALA_74,A_ASP_76,A_PHE_126,A_ASP_127,A_TYR_184,A_GLU_186,A_HIS_189,A_GLY_205,A_THR_206,A_GLU_212,A_CYS_246,A_GLY_247,A_HIS_248,A_ALA_249,A_LEU_264,A_ARG_290,A_GLU_291,A_TRP_495,A_PHE_507,A_PHE_508,A_PHE_512"
3sj0X,"X_ILE_4,X_VAL_13,X_PHE_15,X_PRO_16,X_ALA_19,X_HIS_20,X_ALA_23,X_VAL_24,X_LYS_29,X_LYS_33,X_LYS_37,X_ILE_38,X_PHE_41,X_LYS_49,X_GLY_50,X_CYS_51,X_CYS_54,X_HIS_55,X_LYS_60,X_PRO_62"
2dg1D,"D_TYR_135,D_TYR_165,D_TYR_166,D_GLY_186,D_TYR_264,D_TYR_310"
3c67B,"B_TRP_38,B_VAL_97,B_LYS_99,B_GLU_108,B_ARG_182,B_ASP_274,B_ASN_304,B_PHE_315,B_TRP_321,B_TRP_323,B_TRP_326,B_LYS_327,B_ASP_338,B_LYS_341,B_GLU_342,B_ARG_345,B_SER_349,B_TRP_350,B_ASP_368,B_LEU_369,B_ARG_378,B_TRP_385,B_ASN_386,B_ARG_388,B_LYS_391,B_TRP_425,B_ASP_431,B_ASN_433,B_TRP_496,B_GLY_499,B_ASP_501,B_TRP_632,B_ARG_702,B_LEU_706,B_PHE_742,B_TRP_744,B_ARG_758"
3tmkF,"F_ASP_14,F_THR_16,F_GLY_17,F_LYS_18,F_THR_19,F_LYS_37,F_PHE_38,F_PRO_39,F_ARG_41,F_LEU_53,F_PHE_69,F_ARG_73,F_ARG_94,F_GLY_99,F_TYR_102,F_GLU_149,F_TYR_151,F_LYS_187,F_GLY_188"
2icyB,"B_LEU_85,B_ASN_86,B_GLY_87,B_GLY_88,B_LYS_99,B_MET_134,B_ASN_135,B_GLN_162,B_PRO_189,B_GLY_191,B_HIS_192,B_ALA_219,B_ASN_220,B_SER_221,B_ASP_222,B_MET_245,B_GLU_271,B_PHE_292,B_ASN_293,B_THR_294,B_ASN_295,B_ASN_296,B_GLY_337,B_ILE_347,B_GLY_348,B_LYS_360"
3ayiA,"A_VAL_62,A_GLY_63,A_GLY_65,A_ALA_66,A_GLY_67,A_GLY_68,A_ALA_70,A_ALA_71,A_GLU_94,A_ALA_95,A_ASP_96,A_GLY_118,A_ARG_119,A_VAL_120,A_GLY_140,A_ALA_141,A_ARG_143,A_PHE_144,A_PHE_316,A_LEU_319,A_TRP_333,A_GLU_372,A_ARG_373,A_VAL_374,A_ALA_409,A_PRO_411,A_GLN_414,A_ILE_418,A_TYR_536,A_TRP_538,A_TRP_608,A_GLY_616,A_PHE_617,A_PHE_648,A_ALA_650,A_SER_651,A_SER_653,A_GLY_658,A_GLY_659,A_TRP_660,A_LEU_661,A_ALA_664,A_ALA_673"
3pgpA,"A_GLU_25,A_TYR_28,A_CYS_29,A_LEU_78,A_MET_81,A_MET_82,A_VAL_83,A_ARG_88,A_GLY_89,A_LEU_90,A_GLY_91,A_VAL_92,A_ALA_93,A_ARG_94,A_SER_116,A_CYS_117,A_ASN_121,A_ALA_123,A_LEU_126,A_LEU_127,A_TYR_128,A_GLN_130"
3aw5A,"A_HIS_92,A_HIS_94,A_HIS_105,A_HIS_132,A_HIS_134,A_PRO_334,A_HIS_391,A_HIS_394,A_HIS_396,A_HIS_459,A_HIS_461,A_HIS_465"
1kgqA,"A_ARG_104,A_MET_124,A_MET_139,A_ASP_141,A_SER_159,A_PHE_183,A_GLY_185,A_ALA_186,A_ARG_187,A_SER_203,A_MET_204,A_ARG_217,A_VAL_234,A_VAL_253,A_LYS_254,A_LYS_259,A_THR_260,A_LYS_263"
3d8bA,"A_HIS_394,A_GLY_395,A_PRO_396,A_ASP_402,A_ALA_404,A_GLY_436,A_PRO_443,A_GLY_444,A_THR_445,A_GLY_446,A_LYS_447,A_THR_448,A_LEU_449,A_GLY_451,A_CYS_453,A_SER_456,A_VAL_488,A_LEU_567,A_ILE_576,A_GLY_605,A_ALA_606,A_THR_609"
3dntB,"B_VAL_98,B_VAL_151,B_ALA_152,B_GLY_153,B_ALA_154,B_GLN_155,B_LYS_157,B_PRO_175,B_ILE_179,B_LYS_181,B_PRO_218,B_VAL_233,B_GLU_234,B_ARG_235,B_PHE_236,B_ASP_237,B_GLN_252,B_ASP_254,B_GLN_309,B_HIS_311,B_LYS_313,B_ASN_314,B_TYR_331,B_ASP_332"
1cqxB,"B_PHE_28,B_TYR_29,B_VAL_42,B_PHE_43,B_ASN_44,B_ASN_80,B_ILE_81,B_LYS_84,B_HIS_85,B_LEU_88,B_VAL_90,B_GLN_94,B_TYR_95,B_VAL_98,B_LEU_102,B_TYR_126,B_LEU_129,B_ALA_130,B_LEU_133,B_TYR_190,B_TYR_208,B_SER_209,B_SER_222,B_LYS_224,B_GLU_226,B_GLN_231,B_GLY_234,B_TYR_235,B_VAL_236,B_SER_237,B_PRO_292,B_CYS_368,B_GLU_394,B_GLY_397"
1s66L,"L_VAL_34,L_ILE_36,L_ILE_65,L_LEU_68,L_ILE_69,L_PRO_70,L_LEU_73,L_HIS_77,L_TYR_80,L_ILE_81,L_ASN_84,L_MET_95,L_ARG_97,L_LEU_99,L_LEU_101,L_PHE_113,L_LEU_115,L_TYR_126,L_ALA_128"
1nrjB,"B_GLY_45,B_PRO_46,B_GLN_47,B_ASN_48,B_SER_49,B_GLY_50,B_LYS_51,B_THR_52,B_SER_53,B_THR_66,B_SER_69,B_GLY_90,B_ASP_117,B_CYS_153,B_ASN_154,B_LYS_155,B_GLU_157,B_LEU_158,B_ALA_215,B_LEU_217,B_ILE_228,B_ASN_229"
2gqnB,"B_TYR_56,B_CYS_85,B_GLY_86,B_THR_107,B_TYR_111,B_GLU_154,B_ASP_185,B_ASN_186,B_THR_187,B_THR_209,B_LYS_210,B_MET_219,B_TYR_238,B_SER_312,B_TYR_338,B_SER_339,B_TRP_340,B_TYR_343,B_ARG_372"
3rqtA,"A_LEU_14,A_ASP_25,A_ARG_231,A_TYR_319,A_ARG_322,A_ILE_351,A_SER_367,A_PHE_368,A_GLY_369"
1h69B,"B_GLN_66,B_TYR_67,B_PRO_68,B_TRP_105,B_TYR_126,B_TYR_128,B_MET_131,B_GLY_149,B_GLY_150,B_MET_154,B_HIS_161,B_PHE_178,B_HIS_194"
3b7nA,"A_ALA_60,A_ARG_61,A_MET_71,A_TYR_109,A_TYR_124,A_PHE_125,A_GLU_126,A_LEU_128,A_ILE_131,A_MET_136,A_MET_145,A_LEU_149,A_TYR_153,A_LEU_179,A_ASN_188,A_ALA_189,A_VAL_192,A_TYR_195,A_ILE_196,A_VAL_199,A_SER_203,A_GLN_204,A_TYR_207,A_PRO_208,A_GLU_209,A_ARG_210,A_MET_211,A_PHE_214,A_PHE_223,A_LEU_234,A_ASP_235,A_VAL_237,A_THR_238,A_LYS_241"
3iikA,"A_GLY_10,A_PRO_12,A_GLY_13,A_VAL_14,A_GLY_15,A_LYS_16,A_THR_17,A_THR_18,A_GLY_35,A_ARG_39,A_HIS_79,A_ILE_91,A_PHE_93,A_ARG_105,A_ARG_109,A_TYR_129,A_VAL_141,A_HIS_142,A_GLN_143,A_ASN_147,A_LYS_148,A_PRO_149,A_LEU_152"
3o6iA,"A_TYR_16,A_TYR_61,A_ALA_88,A_PRO_89,A_THR_91,A_ILE_92,A_ARG_96,A_LYS_104,A_PRO_105,A_PHE_106,A_MET_107,A_SER_108,A_THR_137,A_LEU_138,A_THR_143,A_MET_196,A_SER_217,A_LYS_218,A_GLY_219,A_TYR_220,A_LEU_239,A_SER_242"
2vecA,"A_TYR_37,A_ALA_38,A_TYR_75,A_ARG_114,A_GLN_157,A_GLN_158,A_ARG_180,A_LYS_199,A_ILE_210,A_ARG_211"
1z0sA,"A_LYS_8,A_GLY_48,A_ASP_49,A_GLY_50,A_THR_51,A_LEU_53,A_ARG_54,A_GLY_71,A_ARG_72,A_ASN_115,A_GLU_116,A_ALA_125,A_LYS_126,A_MET_127,A_ASP_145,A_THR_151,A_SER_155,A_THR_156,A_GLY_157,A_TYR_158,A_ALA_159,A_SER_161,A_ALA_180,A_PHE_182,A_ASP_209,A_GLY_210,A_GLN_211"
3q0vB,"B_LEU_87,B_LEU_90,B_MET_102,B_TRP_103,B_GLY_106,B_ILE_107,B_PHE_110,B_GLY_124,B_TRP_138,B_MET_142,B_TRP_145,B_TYR_148,B_THR_149,B_VAL_152,B_ASN_176,B_ASN_179,B_GLU_180,B_LEU_183,B_PHE_184,B_TRP_207"
3a9bA,"A_TRP_61,A_TYR_96,A_PRO_149,A_ASP_150,A_ASN_158,A_HIS_195,A_GLY_197,A_TRP_198,A_TRP_201,A_ASN_204,A_VAL_235,A_SER_236,A_ASN_237,A_TRP_259,A_TRP_294,A_GLY_295,A_TRP_297,A_LYS_328,A_PRO_329,A_GLU_332,A_ASP_334,A_GLY_361"
4dmgB,"B_TYR_222,B_SER_223,B_TYR_224,B_PHE_228,B_ASP_243,B_LYS_244,B_ASP_245,B_GLY_268,B_ASP_287,B_SER_326"
2regA,"A_PHE_38,A_TRP_43,A_ASP_45,A_PHE_86,A_TRP_90,A_TYR_119,A_ILE_152,A_ASN_156,A_ASP_157,A_TRP_205,A_TRP_285,A_TRP_296"
3niaA,"A_CYS_63,A_SER_64,A_GLU_98,A_TRP_99,A_SER_125,A_ASN_127,A_PRO_162,A_ASN_165,A_THR_211,A_LYS_229,A_THR_230,A_GLY_231,A_THR_232,A_ARG_238,A_VAL_253"
2e56A,"A_ASN_26,A_SER_31,A_ILE_63,A_PHE_76,A_LEU_87,A_SER_118,A_PHE_119,A_SER_120,A_PHE_121,A_LYS_122,A_GLY_123,A_CYS_133,A_PHE_151,A_GLN_156"
1eyqA,"A_ARG_36,A_LEU_38,A_PHE_47,A_THR_48,A_ILE_50,A_LEU_101,A_TYR_106,A_LYS_109,A_VAL_110,A_ASN_113,A_TYR_152,A_THR_190,A_MET_191,A_LEU_201"
2j09A,"A_ASP_36,A_ASN_39,A_ARG_104,A_TYR_197,A_GLY_209,A_SER_210,A_ARG_211,A_LEU_212,A_SER_213,A_PHE_216,A_LEU_218,A_TRP_241,A_GLU_244,A_LEU_245,A_TRP_247,A_ARG_248,A_TRP_285,A_PHE_307,A_ASN_310,A_ARG_313,A_ALA_317,A_LEU_339,A_ASP_341,A_GLY_342,A_ASP_343,A_VAL_346,A_ASN_347,A_GLN_349,A_GLY_350,A_TRP_351,A_GLY_355"
3b0gA,"A_PHE_96,A_ARG_98,A_MET_107,A_ARG_109,A_ASN_114,A_THR_141,A_THR_142,A_ARG_143,A_GLN_144,A_ASN_145,A_GLN_147,A_ARG_149,A_ARG_179,A_ARG_223,A_LYS_224,A_ASN_226,A_PHE_265,A_SER_266,A_ARG_309,A_ARG_397,A_GLN_402,A_CYS_440,A_THR_441,A_CYS_446,A_GLN_448,A_ALA_449,A_GLY_480,A_CYS_481,A_ASN_483,A_THR_484,A_CYS_485,A_GLN_487"
3r2qA,"A_SER_9,A_PRO_10,A_PHE_11,A_PRO_33,A_TYR_34,A_LYS_48,A_VAL_49,A_PRO_50,A_ASP_62,A_SER_63,A_PRO_64,A_LEU_105"
3hzlA,"A_VAL_8,A_VAL_10,A_GLY_11,A_GLY_13,A_PRO_14,A_VAL_15,A_GLY_16,A_ALA_18,A_THR_19,A_GLU_34,A_ARG_35,A_HIS_36,A_THR_45,A_ARG_50,A_HIS_51,A_ARG_53,A_GLU_101,A_GLU_174,A_VAL_176,A_VAL_200,A_VAL_201,A_LEU_202,A_ALA_203,A_CYS_204,A_GLY_205,A_PHE_242,A_PHE_258,A_GLY_259,A_PHE_260,A_LEU_348,A_VAL_349,A_VAL_350,A_TYR_351,A_ALA_353,A_GLY_354,A_TRP_355,A_ALA_356,A_PHE_357,A_LYS_358"
1mrpA,"A_HIS_9,A_GLU_57,A_GLN_58,A_ARG_101,A_SER_139,A_GLY_140,A_ASN_175,A_SER_176,A_ASN_193,A_ASN_194,A_TYR_195,A_TYR_196,A_ARG_262,A_GLU_264"
3t6eM,"M_PHE_88,M_GLY_117,M_MET_120,M_THR_121,M_ASN_147,M_PHE_148,M_PHE_154,M_VAL_173,M_PHE_175,M_GLY_176,M_ILE_177,M_TRP_178,M_HIS_180,M_ILE_181,M_TRP_183,M_LEU_184,M_MET_275"
2gf0B,"B_GLY_16,B_GLY_17,B_VAL_18,B_GLY_19,B_LYS_20,B_SER_21,B_SER_22,B_THR_39,B_GLY_64,B_GLY_120,B_ASN_121,B_LYS_122,B_ASP_124,B_GLU_125,B_SER_150,B_ALA_151,B_LYS_152"
3sgzA,"A_PHE_23,A_ILE_24,A_PRO_71,A_CYS_73,A_SER_75,A_PRO_76,A_PHE_79,A_HIS_80,A_TYR_102,A_TYR_107,A_GLN_127,A_TYR_129,A_LEU_161,A_ARG_164,A_LEU_198,A_PHE_199,A_LYS_223,A_HIS_247,A_GLY_248,A_ARG_250,A_ASP_278,A_GLY_279,A_GLY_280,A_ARG_282,A_GLY_294,A_GLY_301,A_ARG_302,A_LEU_305"
2rc3C,"C_ARG_76,C_ARG_122,C_VAL_123,C_ARG_124,C_HIS_125,C_SER_139,C_ILE_140,C_GLY_141,C_ASP_142"
3ucjA,"A_GLN_38,A_GLY_46,A_CYS_47,A_ASP_49,A_PRO_54,A_PHE_66,A_ARG_69,A_VAL_71,A_GLY_72,A_TYR_88,A_CYS_106,A_GLY_107,A_ALA_108,A_ALA_111,A_TRP_115,A_THR_123"
1zlqA,"A_TYR_22,A_THR_23,A_MET_27,A_ARG_97,A_TRP_100,A_ARG_137,A_TYR_382,A_TRP_398,A_TYR_402,A_HIS_416,A_THR_490"
2e7zA,"A_CYS_9,A_SER_11,A_CYS_12,A_ASP_13,A_ILE_14,A_ASN_15,A_CYS_16,A_THR_39,A_THR_40,A_PRO_41,A_ILE_45,A_CYS_46,A_LYS_48,A_SER_49,A_THR_111,A_ASN_114,A_SER_136,A_ALA_137,A_MET_140,A_CYS_141,A_ASN_144,A_THR_145,A_HIS_149,A_HIS_153,A_GLY_154,A_SER_155,A_PHE_158,A_ILE_170,A_GLY_171,A_LYS_172,A_ASN_173,A_HIS_177,A_ASN_178,A_TRP_179,A_VAL_180,A_SER_181,A_ASP_185,A_LEU_199,A_ASP_200,A_PRO_201,A_ARG_202,A_THR_204,A_LEU_216,A_TYR_218,A_GLY_219,A_ASP_221,A_SER_290,A_TRP_293,A_VAL_295,A_SER_296,A_ASP_298,A_MET_299,A_GLN_300,A_ASN_302,A_GLN_310,A_CYS_311,A_PHE_384,A_MET_387,A_ALA_392,A_ALA_416,A_SER_417,A_ASN_418,A_GLY_422,A_TYR_423,A_TYR_442,A_ASP_443,A_GLN_444,A_THR_447,A_THR_449,A_ALA_450,A_ASP_460,A_ARG_465,A_ILE_475,A_PHE_477,A_PHE_602,A_GLY_604,A_LEU_605,A_ARG_606,A_GLU_607,A_ASP_608,A_ASN_610,A_PHE_611,A_GLN_612,A_SER_613,A_CYS_614,A_HIS_676,A_ASP_699,A_ASN_718,A_LEU_719,A_ARG_720,A_GLY_721"
1pl8D,"D_TYR_50,D_ILE_56,D_HIS_69,D_GLU_155,D_PRO_156,D_GLY_181,D_PRO_182,D_ILE_183,D_GLY_184,D_VAL_199,D_THR_202,D_ASP_203,D_LEU_204,D_ARG_208,D_CYS_249,D_THR_250,D_VAL_272,D_GLY_273,D_LEU_274,D_VAL_296,D_PHE_297,D_ARG_298"
1gedA,"A_PHE_86,A_HIS_94,A_ARG_98,A_VAL_141,A_ALA_145,A_LEU_146,A_ILE_152,A_THR_168,A_ASN_171,A_ALA_172,A_ILE_232,A_LEU_236,A_ALA_239,A_GLY_240,A_ASN_241,A_THR_243,A_MET_244,A_VAL_245,A_MET_247,A_ILE_248,A_LEU_250,A_SER_286,A_ALA_287,A_LEU_288,A_ALA_289,A_ILE_290,A_ARG_292,A_ASN_315,A_LEU_343,A_GLY_344,A_PHE_345,A_GLY_346,A_HIS_350,A_CYS_352,A_ALA_358,A_GLY_395"
1k0iA,"A_ILE_8,A_GLY_9,A_GLY_11,A_PRO_12,A_SER_13,A_GLY_14,A_GLU_32,A_ARG_33,A_GLN_34,A_ARG_42,A_ARG_44,A_ALA_45,A_VAL_47,A_GLN_102,A_VAL_127,A_GLY_157,A_CYS_158,A_ASP_159,A_GLY_160,A_GLY_163,A_ILE_164,A_ALA_266,A_ALA_284,A_GLY_285,A_ASP_286,A_ALA_288,A_PRO_293,A_ALA_296,A_GLY_298,A_LEU_299"
3nz1A,"A_ILE_49,A_ALA_51,A_LYS_53,A_GLY_79,A_ALA_81,A_ILE_82,A_ALA_83,A_LEU_108,A_TRP_110,A_PHE_112,A_VAL_130,A_ALA_131,A_ILE_133,A_ILE_158,A_VAL_159,A_PHE_176,A_GLU_178,A_VAL_208,A_TRP_210,A_GLN_211,A_PHE_230,A_GLY_231,A_SER_234"
1g6iA,"A_LEU_93,A_PHE_131,A_ILE_135,A_ARG_136,A_LEU_151,A_ASP_168,A_ALA_171,A_LEU_175,A_ASP_275,A_GLU_279,A_LEU_338,A_ARG_433,A_PRO_434,A_GLU_435,A_PHE_499,A_ALA_502,A_GLU_503,A_THR_525,A_GLU_526,A_ALA_527,A_HIS_528"
4a91A,"A_ARG_9,A_PHE_10,A_ALA_11,A_PRO_12,A_SER_13,A_GLU_45,A_PRO_49,A_TYR_172,A_ARG_190,A_LEU_194"
1b8dK,"K_LEU_24,K_GLU_25,K_GLN_28,K_ASN_47,K_VAL_51,K_GLU_54,K_THR_134,K_ARG_137,K_LEU_138,K_CYS_139,K_ARG_142,K_ASP_143,K_MET_144,K_PHE_152"
3eeoA,"A_PHE_18,A_ALA_19,A_GLY_20,A_LEU_21,A_GLY_23,A_ASN_39,A_GLU_40,A_TRP_41,A_ASP_42,A_TYR_44,A_ASP_60,A_ILE_61,A_GLY_78,A_PRO_80,A_SER_85,A_ILE_86,A_SER_87,A_GLY_88,A_LYS_89,A_GLN_90,A_ARG_97,A_LEU_100,A_LYS_162,A_ARG_163,A_ARG_165,A_ARG_209,A_ARG_228,A_LYS_234,A_GLY_236,A_GLN_237,A_GLU_239,A_ARG_240,A_TYR_242,A_ILE_249,A_THR_250,A_SER_252,A_ALA_253,A_TYR_254,A_GLY_255,A_GLY_256,A_GLY_257,A_ILE_258,A_ALA_260,A_TYR_285,A_SER_296,A_GLN_297,A_ASN_304,A_SER_305,A_VAL_306"
2e52C,"C_SER_168,C_PHE_186,C_TRP_192,C_PHE_194,C_PHE_211,C_PHE_215,C_PHE_219,C_PHE_223"
1qhjA,"A_LEU_19,A_TYR_26,A_LEU_48,A_ILE_52,A_MET_56,A_TYR_64,A_TRP_80,A_ALA_84,A_TRP_86,A_LEU_87,A_PHE_88,A_THR_90,A_LEU_92,A_THR_107,A_ALA_110,A_ALA_114,A_ILE_117,A_MET_118,A_ILE_119,A_LEU_123,A_LEU_127,A_TYR_131,A_SER_132,A_TYR_133,A_PHE_135,A_TRP_138,A_ALA_139,A_ILE_140,A_SER_141,A_THR_142,A_ALA_143,A_ALA_144,A_MET_145,A_LEU_146,A_TYR_147,A_LEU_149,A_TYR_150,A_PHE_153,A_PHE_154,A_LYS_172,A_ARG_175,A_ASN_176,A_VAL_177,A_VAL_179,A_VAL_180,A_TRP_182,A_SER_183,A_ALA_184,A_TYR_185,A_PRO_186,A_VAL_187,A_TRP_189,A_LEU_190,A_ALA_196,A_ILE_198,A_VAL_210,A_ASP_212,A_VAL_213,A_SER_214,A_ALA_215,A_LYS_216,A_VAL_217,A_GLY_218,A_LEU_221,A_ARG_225"
3thcA,"A_TYR_83,A_ILE_126,A_CYS_127,A_ALA_128,A_GLU_129,A_ASN_187,A_GLU_188,A_GLU_268,A_TYR_270,A_TRP_273,A_LEU_274,A_TYR_306,A_TYR_333,A_TYR_402,A_SER_497,A_ASN_498,A_ILE_505,A_PRO_613"
1vg8A,"A_SER_1017,A_GLY_1018,A_VAL_1019,A_GLY_1020,A_LYS_1021,A_THR_1022,A_SER_1023,A_PHE_1033,A_THR_1040,A_GLY_1066,A_CYS_1083,A_ASN_1125,A_LYS_1126,A_ASP_1128,A_LEU_1129,A_SER_1155,A_ALA_1156,A_LYS_1157"
2q5lA,"A_PRO_23,A_GLY_24,A_ASP_25,A_GLU_48,A_MET_380,A_ASP_382,A_ALA_402,A_MET_404,A_GLY_428,A_ASP_429,A_GLY_430,A_ASN_456,A_SER_458,A_GLU_460,A_MET_461,A_LEU_462"
1h1lC,"C_CYS_61,C_TYR_63,C_ALA_64,C_GLY_65,C_VAL_69,C_PRO_84,C_VAL_85,C_GLY_86,C_CYS_87,C_TYR_90,C_ARG_95,C_CYS_153,C_GLY_184,C_GLN_190,C_HIS_194,C_TYR_227,C_ILE_229,C_CYS_273,C_SER_276,C_MET_353,C_GLY_354,C_GLY_355,C_LEU_356,C_ARG_357,C_PHE_379,C_GLY_422,C_ILE_423,C_HIS_440"
3ag3O,"O_PHE_32,O_ILE_34,O_ILE_41,O_ILE_42,O_SER_43,O_MET_45,O_LEU_46,O_HIS_52,O_MET_56,O_ASP_57,O_GLU_60,O_VAL_61,O_TRP_65,O_PRO_69,O_LEU_73,O_ILE_74,O_ALA_77,O_LEU_78"
2ji7A,"A_VAL_32,A_GLU_56,A_VAL_79,A_PRO_82,A_ASN_86,A_CYS_98,A_GLU_121,A_ARG_160,A_PRO_161,A_GLY_221,A_LYS_222,A_GLY_223,A_TYR_226,A_MET_247,A_ALA_263,A_ALA_264,A_THR_265,A_ARG_266,A_ALA_267,A_GLY_280,A_ALA_281,A_ARG_282,A_TRP_285,A_LEU_286,A_ASP_306,A_ILE_307,A_GLY_324,A_ASP_325,A_ILE_326,A_ASN_358,A_LYS_359,A_LEU_362,A_TYR_377,A_GLY_400,A_ALA_401,A_ASN_402,A_ALA_403,A_LEU_404,A_ASP_405,A_ARG_408,A_MET_409,A_GLY_426,A_MET_428,A_GLY_451,A_ASP_452,A_SER_453,A_ALA_454,A_PHE_457,A_ASN_479,A_GLY_481,A_ILE_482,A_TYR_483,A_ARG_555,A_ILE_556"
3s3tC,"C_ASP_13,C_PRO_95,C_GLY_115,C_THR_117,C_GLY_118,C_THR_119,C_GLY_128,C_SER_129,C_THR_130,C_THR_131"
3ewdA,"A_LEU_41,A_HIS_42,A_CYS_43,A_HIS_44,A_LEU_45,A_ASP_46,A_LEU_47,A_PHE_49,A_PHE_53,A_LEU_85,A_PHE_88,A_GLU_125,A_PHE_132,A_ILE_170,A_ASP_197,A_GLY_200,A_HIS_225,A_GLU_228,A_HIS_252,A_GLU_274,A_ASP_309,A_ASP_310"
2fm6B,"B_TYR_33,B_TRP_39,B_HIS_51,B_PRO_77,B_SER_115,B_HIS_116,B_ALA_117,B_HIS_118,B_ASP_120,B_HIS_121,B_ALA_122,B_LYS_129,B_PHE_156,B_HIS_196,B_ASP_220,B_SER_225,B_PRO_227,B_PRO_262,B_HIS_263"
3enjA,"A_ALA_118,A_ALA_119,A_CYS_184,A_ILE_200,A_GLY_201,A_HIS_238,A_ASN_242,A_HIS_274,A_VAL_314,A_VAL_315,A_TYR_318,A_ARG_329,A_ARG_401"
2z22X,"X_ALA_9,X_THR_10,X_TYR_33,X_SER_38,X_ALA_54,X_ASP_56,X_GLY_77,X_GLY_78,X_ALA_82,X_ARG_135,X_SER_139,X_GLY_140,X_THR_141,X_SER_142,X_LYS_175,X_GLY_176,X_GLU_195,X_THR_253,X_SER_254,X_THR_255,X_THR_256"
2z8iD,"D_THR_391,D_THR_409,D_ASN_411,D_GLN_430,D_ASP_433,D_SER_462,D_SER_463,D_MET_464,D_GLY_480,D_SER_481,D_PRO_482,D_GLY_483,D_GLY_484,D_ILE_487"
3zu3A,"A_CYS_20,A_GLY_48,A_SER_50,A_THR_51,A_GLY_52,A_TYR_53,A_GLY_71,A_PHE_74,A_GLU_75,A_GLY_87,A_GLY_110,A_ASP_111,A_ALA_112,A_PHE_113,A_SER_138,A_LEU_139,A_ALA_140,A_SER_141,A_MET_196,A_PHE_223,A_THR_224,A_TYR_225,A_THR_231,A_TYR_235,A_LYS_244,A_SER_269,A_LEU_271,A_LYS_272,A_ALA_273,A_VAL_274,A_SER_276,A_ALA_278,A_SER_279,A_MET_285,A_GLN_308,A_TYR_313"
3zx1A,"A_HIS_139,A_HIS_141,A_HIS_180,A_HIS_182,A_HIS_436,A_HIS_439,A_HIS_442,A_HIS_444,A_HIS_494,A_CYS_495,A_HIS_496,A_HIS_500"
2fqyA,"A_PHE_36,A_ASN_37,A_ASP_108,A_GLN_124,A_GLU_126,A_GLY_127,A_LEU_130,A_VAL_131,A_GLY_148,A_PHE_149,A_PHE_161,A_PHE_165,A_PHE_186,A_PHE_208,A_GLN_209,A_VAL_210,A_ALA_211,A_GLY_212,A_VAL_237,A_ASP_238,A_SER_257,A_MET_258,A_LYS_260"
3p1vA,"A_PRO_273,A_ILE_279,A_TYR_295,A_LEU_297"
1k6xA,"A_ASN_12,A_THR_14,A_GLY_15,A_ARG_16,A_GLN_17,A_GLN_35,A_HIS_37,A_ASN_80,A_THR_81,A_THR_82,A_GLN_84,A_ALA_85,A_HIS_107,A_TYR_108,A_TYR_110,A_MET_113,A_MET_127,A_LYS_131,A_ALA_150,A_GLY_151,A_ILE_152,A_TYR_153,A_ASN_156,A_THR_219,A_TYR_242,A_TYR_276"
1ebtA,"A_PHE_28,A_PHE_29,A_PHE_33,A_PHE_40,A_LYS_42,A_PHE_43,A_PHE_47,A_GLN_64,A_SER_67,A_PHE_68,A_PHE_92,A_ASN_95,A_HIS_96,A_ARG_99,A_ILE_101,A_LEU_106,A_ALA_109,A_PHE_110"
3ozmG,"G_LYS_171,G_LYS_173,G_ASP_201,G_ASN_203,G_GLU_227,G_GLU_228,G_GLU_254,G_HIS_304,G_PHE_306,G_GLU_329"
3g5kB,"B_GLY_52,B_SER_54,B_ALA_55,B_GLN_57,B_LEU_65,B_ALA_66,B_PRO_111,B_GLU_112,B_GLY_113,B_CYS_114,B_LEU_121,B_ARG_152,B_HIS_156,B_GLU_157,B_HIS_160"
3lopA,"A_GLN_48,A_THR_51,A_LEU_55,A_TRP_65,A_ALA_106,A_LEU_107,A_LEU_108,A_THR_109,A_VAL_110,A_VAL_111,A_GLY_112,A_THR_113,A_PRO_131,A_LEU_132,A_VAL_133,A_GLY_134,A_PRO_135,A_ALA_136,A_THR_137,A_GLY_138,A_LYS_152,A_TYR_155,A_LEU_183,A_PHE_231,A_LEU_232,A_GLY_233,A_ALA_234,A_THR_235,A_GLY_257,A_LEU_258,A_SER_259,A_SER_260,A_ILE_261,A_PRO_263,A_GLU_297,A_ARG_315,A_GLU_318,A_GLY_319,A_VAL_321,A_ALA_322,A_LEU_326"
3rhlC,"C_VAL_570,C_ILE_571,C_PRO_572,C_TRP_573,C_MET_579,C_LEU_580,C_LYS_583,C_LEU_588,C_LYS_597,C_ALA_599,C_GLN_600,C_VAL_601,C_THR_602,C_LEU_626,C_SER_629,C_GLY_630,C_GLY_634,C_GLN_635,C_PHE_648,C_THR_649,C_GLY_650,C_SER_651,C_VAL_654,C_HIS_657,C_GLY_675,C_ALA_707,C_GLU_804,C_PHE_806,C_LEU_834,C_PHE_872"
2a5sA,"A_HIS_88,A_SER_114,A_THR_116,A_ARG_121,A_GLY_172,A_SER_173,A_THR_174,A_PHE_212,A_TYR_214,A_ASP_215,A_TYR_245"
1z2pX,"X_LYS_17,X_THR_20,X_LYS_57,X_ARG_58,X_ARG_94,X_PRO_109,X_LYS_136,X_GLN_141,X_GLY_142,X_HIS_147,X_MET_149,X_GLN_168,X_HIS_169,X_TYR_170,X_ILE_171,X_HIS_173,X_ILE_177,X_LYS_179,X_PHE_181,X_SER_194,X_LEU_195,X_ASN_210,X_ASP_275,X_VAL_288,X_ASP_289,X_ASN_291,X_PRO_294,X_SER_295"
1y20A,"A_PHE_92,A_ALA_123,A_PRO_124,A_THR_126,A_ARG_131,A_LYS_139,A_SER_179,A_SER_180,A_PHE_221,A_TRP_223,A_ASP_224"
3e84C,"C_THR_9,C_ASP_10,C_ILE_11,C_ASP_12,C_MET_20,C_THR_34,C_THR_54,C_GLY_55,C_GLU_56,C_ARG_64,C_LYS_67,C_LEU_68,C_LYS_80,C_GLY_102,C_ASP_103,C_ASP_104,C_ASN_106,C_ASP_107"
2aotB,"B_PHE_9,B_TYR_15,B_PHE_19,B_PHE_22,B_GLU_28,B_HIS_29,B_GLY_60,B_GLY_61,B_GLY_62,B_GLU_89,B_PRO_90,B_SER_91,B_GLN_94,B_THR_119,B_SER_120,B_ILE_142,B_GLN_143,B_MET_144,B_TYR_146,B_TYR_147,B_VAL_173,B_TRP_179,B_TRP_183,B_CYS_196,B_GLN_197,B_TYR_198,B_PHE_243,B_GLU_246,B_PHE_287"
2pn6A,"A_TYR_73,A_TYR_77,A_VAL_97,A_LEU_98,A_GLY_99,A_ASP_102"
3aptA,"A_GLU_18,A_PHE_20,A_THR_49,A_TYR_50,A_HIS_77,A_THR_79,A_LEU_104,A_ASP_109,A_TYR_126,A_GLY_146,A_ALA_147,A_TYR_149,A_HIS_153,A_HIS_165,A_ILE_178,A_THR_179,A_GLN_180,A_HIS_270,A_TYR_272"
2psjB,"B_ALA_54,B_TRP_60,B_PHE_105,B_PHE_116,B_GLY_118,B_HIS_119,B_ASP_120,B_TRP_121,B_TYR_129,B_HIS_142,B_TRP_156,B_ASP_162,B_LEU_165,B_MET_174,B_PHE_180,B_PHE_181,B_LYS_189,B_TRP_219,B_PHE_261,B_PHE_262,B_HIS_285"
1x38A,"A_GLY_56,A_ASP_95,A_THR_118,A_ARG_119,A_ASP_120,A_PHE_144,A_ARG_158,A_TYR_160,A_GLU_161,A_LYS_206,A_HIS_207,A_MET_250,A_TYR_253,A_SER_255,A_ASP_285,A_TRP_286,A_ARG_291,A_MET_316,A_TYR_425,A_TRP_434,A_HIS_487,A_GLU_491,A_PRO_502,A_GLU_503,A_LEU_522,A_ARG_566"
3od3A,"A_HIS_101,A_HIS_103,A_ASN_130,A_HIS_141,A_HIS_143,A_HIS_443,A_HIS_446,A_HIS_448,A_HIS_499,A_HIS_501,A_HIS_505"
4g3fA,"A_VAL_408,A_ARG_410,A_GLY_411,A_VAL_416,A_ALA_429,A_LYS_431,A_GLU_442,A_ILE_469,A_MET_471,A_LEU_473,A_LEU_474,A_ILE_483,A_ASP_521,A_ASN_522,A_LEU_524,A_CYS_535,A_ASP_536"
3ciwA,"A_ARG_54,A_CYS_63,A_LYS_65,A_CYS_67,A_TYR_69,A_CYS_70,A_ARG_73,A_GLN_107,A_SER_108,A_GLY_109,A_GLU_110,A_THR_134,A_SER_136,A_ARG_155,A_ARG_159,A_GLU_161,A_ARG_180,A_SER_198,A_MET_199,A_MET_224,A_GLY_226,A_PRO_229,A_ILE_231,A_PRO_266,A_THR_268,A_THR_269,A_ALA_270,A_ARG_279,A_MET_291,A_ASN_293,A_THR_295,A_TYR_303,A_LEU_305,A_TYR_306,A_CYS_311,A_CYS_319"
3ondB,"B_LEU_61,B_HIS_62,B_THR_64,B_GLN_66,B_THR_67,B_CYS_84,B_ILE_136,B_VAL_137,B_ASP_138,B_ASP_139,B_GLU_204,B_GLU_205,B_THR_206,B_THR_208,B_LYS_235,B_ASP_239,B_ASN_240,B_CYS_244,B_GLY_269,B_GLY_271,B_ASP_272,B_VAL_273,B_THR_291,B_GLU_292,B_ILE_293,B_ASP_294,B_CYS_297,B_THR_323,B_THR_324,B_THR_325,B_GLY_326,B_ASN_327,B_ILE_330,B_CYS_346,B_ASN_347,B_ILE_348,B_GLY_349,B_HIS_350,B_LEU_395,B_ASN_397,B_LEU_398,B_THR_402,B_GLY_403,B_HIS_404,B_MET_409,B_SER_412,B_PHE_413,B_GLN_416,B_LYS_479,B_TYR_483"
2f67A,"A_VAL_19,A_PHE_20,A_PRO_46,A_GLU_50,A_ILE_57,A_ASN_61,A_GLU_127,A_PHE_129,A_ASN_134"
3pp9A,"A_TYR_54,A_GLY_86,A_ASP_102,A_ILE_103,A_THR_104,A_VAL_105,A_ARG_110,A_THR_111,A_LEU_112,A_GLY_113,A_GLY_115,A_LYS_116,A_GLU_137,A_THR_138,A_ASN_142,A_ALA_144,A_LYS_147,A_PHE_148,A_TYR_149,A_LYS_151"
1h5qH,"H_THR_17,H_GLY_18,H_ASN_20,H_ARG_21,H_GLY_22,H_ILE_23,H_TYR_42,H_ALA_45,H_CYS_68,H_ASP_69,H_VAL_70,H_ASN_96,H_ALA_97,H_GLY_98,H_THR_147,H_SER_148,H_SER_149,H_TYR_169,H_LYS_173,H_PRO_199,H_GLY_200,H_VAL_202"
2czlA,"A_ASN_13,A_ASP_14,A_THR_15,A_ILE_17,A_PHE_18,A_VAL_39,A_THR_54,A_LYS_55,A_LEU_56,A_SER_57,A_TYR_58,A_ALA_59,A_ALA_60,A_ALA_70,A_GLY_74,A_ALA_76,A_VAL_86,A_THR_106,A_THR_107,A_ALA_108,A_GLY_141,A_LEU_142,A_ILE_143,A_HIS_145,A_PRO_175,A_LEU_176,A_GLY_177,A_ALA_178,A_ILE_179,A_LEU_180"
5tmpA,"A_GLU_12,A_GLY_13,A_ALA_14,A_GLY_15,A_LYS_16,A_THR_17,A_GLU_40,A_ARG_51,A_PHE_74,A_ARG_78,A_ASP_99,A_ARG_100,A_SER_104,A_THR_105,A_TYR_108,A_GLN_109,A_TYR_138,A_ARG_149,A_ARG_153,A_ASP_157,A_ILE_159,A_GLU_160,A_PHE_167,A_TYR_174"
3c61D,"D_ASN_18,D_ALA_19,D_ALA_20,D_GLY_21,D_SER_40,D_LYS_44,D_SER_45,D_TYR_59,D_ASN_68,D_MET_70,D_GLY_71,D_SER_98,D_GLY_101,D_ASN_128,D_SER_130,D_CYS_131,D_CYS_150,D_LYS_165,D_CYS_193,D_ILE_194,D_ASN_195,D_SER_196,D_GLY_223,D_VAL_226,D_GLY_248,D_CYS_249,D_GLY_250,D_GLY_251,D_ALA_266,D_VAL_269,D_GLY_272,D_THR_273"
1rqjA,"A_GLY_65,A_LYS_66,A_ARG_69,A_TYR_74,A_HIS_98,A_SER_101,A_LEU_102,A_ASP_105,A_ASP_111,A_ASP_113,A_ARG_116,A_ARG_117,A_GLN_179,A_LYS_202,A_THR_203,A_PHE_240,A_GLN_241,A_ASP_244,A_LYS_258"
3vkjC,"C_HIS_11,C_THR_65,C_GLY_66,C_MET_67,C_GLY_95,C_SER_96,C_ASN_125,C_HIS_155,C_ASN_157,C_LYS_193,C_SER_195,C_SER_218,C_THR_223,C_TRP_225,C_GLY_274,C_GLY_275,C_ARG_277,C_ALA_296"
3q44A,"A_GLN_317,A_GLU_319,A_ALA_320,A_TYR_383,A_VAL_459,A_GLY_460,A_ALA_461,A_MET_462,A_GLU_463,A_ARG_489,A_THR_492,A_VAL_493,A_HIS_496,A_GLU_497,A_HIS_500,A_LYS_518,A_GLU_519,A_MET_571,A_GLU_572,A_TYR_575,A_TYR_580,A_MET_1034,A_ASN_1073"
3fg0C,"C_ILE_153,C_THR_154,C_PRO_155,C_TRP_156,C_ASN_157,C_TYR_158,C_LYS_180,C_SER_182,C_GLU_183,C_THR_185,C_THR_205,C_ILE_209,C_GLY_217,C_LEU_228,C_PHE_231,C_THR_232,C_GLY_233,C_THR_237,C_HIS_240,C_ILE_241,C_GLU_255,C_GLY_257,C_CYS_289,C_SER_290,C_PHE_392,C_TRP_456"
3pduE,"E_PHE_6,E_LEU_7,E_GLY_8,E_GLY_10,E_ILE_11,E_MET_12,E_MET_16,E_ASN_31,E_ARG_32,E_ASN_33,E_VAL_54,E_THR_61,E_ILE_62,E_MET_64,E_LEU_65,E_ALA_66,E_ALA_70,E_GLU_73,E_VAL_74,E_ILE_92,E_THR_96,E_VAL_121,E_GLY_123,E_LYS_171,E_MET_178,E_PHE_232,E_PRO_233,E_HIS_236,E_MET_237,E_LYS_239,E_PHE_278"
1g3uA,"A_ASP_9,A_GLY_10,A_GLY_12,A_LYS_13,A_ARG_14,A_PHE_36,A_PRO_37,A_TYR_39,A_PHE_70,A_ARG_74,A_ARG_95,A_TYR_96,A_SER_99,A_ASN_100,A_TYR_103,A_ARG_153,A_ALA_154,A_ARG_160,A_ALA_161,A_ARG_162,A_TYR_165,A_GLU_166,A_ARG_167"
1yhtA,"A_ARG_27,A_HIS_53,A_ASP_56,A_HIS_57,A_GLU_58,A_TYR_94,A_GLU_114,A_ASP_116,A_HIS_120,A_GLU_166,A_ASP_169,A_ILE_170,A_ASP_183,A_GLU_184,A_ASP_218,A_TRP_237,A_TYR_278,A_VAL_280,A_TRP_330,A_GLU_332"
3ou2A,"A_LEU_12,A_TYR_15,A_TYR_22,A_PHE_26,A_ALA_54,A_SER_55,A_GLY_56,A_TRP_60,A_ASP_75,A_GLY_76,A_MET_80,A_GLN_97,A_ASP_98,A_LEU_99,A_PHE_100,A_PHE_113,A_ALA_114,A_HIS_115,A_TRP_116,A_HIS_119"
2v8hC,"C_HIS_114,C_ASP_125,C_GLU_160,C_SER_167,C_GLU_224,C_HIS_226,C_GLN_229,C_TYR_249,C_TRP_251,C_HIS_262,C_ARG_322,C_PRO_324,C_ASP_326,C_VAL_365,C_ALA_395,C_GLY_396,C_HIS_397,C_ASP_398,C_HIS_421"
3jzeA,"A_HIS_17,A_VAL_18,A_HIS_19,A_ARG_21,A_ASN_45,A_THR_110,A_HIS_140,A_GLU_177,A_HIS_178,A_THR_198,A_THR_200,A_ARG_208,A_CYS_222,A_LEU_223,A_ARG_228,A_ASP_251,A_SER_252,A_ALA_253,A_HIS_255,A_ALA_267,A_GLY_268"
2zxyA,"A_ILE_6,A_PHE_7,A_LYS_10,A_CYS_12,A_SER_14,A_CYS_15,A_HIS_16,A_VAL_23,A_GLY_24,A_PRO_25,A_ILE_30,A_ALA_33,A_TYR_34,A_LEU_41,A_PHE_44,A_LEU_45,A_ALA_51,A_ILE_52,A_VAL_53,A_ASP_54,A_PRO_55,A_LYS_57,A_MET_61,A_GLN_64,A_MET_67,A_LEU_68,A_LEU_71,A_ILE_83,A_HIS_86"
1kp8K,"K_LEU_31,K_GLY_32,K_PRO_33,K_GLY_53,K_GLY_88,K_THR_89,K_THR_90,K_THR_91,K_THR_93,K_LEU_295,K_GLY_415,K_TYR_478,K_ASN_479,K_ALA_480,K_ILE_493,K_ASP_495"
3b35A,"A_GLN_6,A_ASP_18,A_GLY_24,A_SER_27,A_TYR_73,A_HIS_97,A_ASP_99,A_ALA_115,A_ASP_116,A_ASP_117,A_ASP_118,A_GLU_151,A_GLU_152,A_VAL_172,A_LEU_178,A_ASP_179,A_ALA_180,A_CYS_223,A_TYR_225,A_CYS_227,A_SER_228,A_ASP_229,A_MET_242,A_PHE_244,A_TYR_251,A_ILE_255,A_HIS_256"
2wycB,"B_SER_1,B_ASN_2,B_ASN_21,B_PRO_22,B_HIS_23,B_PHE_24,B_PHE_32,B_LEU_50,B_LEU_53,B_ASN_57,B_ILE_58,B_THR_67,B_HIS_68,B_THR_69,B_VAL_70,B_VAL_158,B_LEU_159,B_TRP_162,B_PRO_185,B_TRP_186,B_VAL_187,B_ASN_188,B_ASN_269,B_GLN_465,B_THR_479,B_SER_480,B_PHE_500"
2oz5A,"A_ASP_54,A_SER_57,A_ARG_59,A_GLU_60,A_ARG_63,A_ARG_64,A_PHE_80,A_PRO_81,A_HIS_94,A_GLU_95,A_PHE_98,A_LEU_101,A_TYR_125,A_GLU_129,A_TYR_130,A_PHE_133,A_THR_158,A_HIS_159,A_CYS_160,A_PHE_161,A_ALA_162,A_LYS_164,A_ASP_165,A_ARG_166,A_TYR_189,A_ILE_203,A_MET_206,A_ARG_210,A_PHE_211,A_PHE_222,A_LEU_227,A_VAL_231,A_TYR_238"
1hl7B,"B_HIS_30,B_GLY_31,B_TYR_32,B_PHE_97,B_SER_98,B_MET_99,B_GLY_100,B_THR_101,B_GLY_102,B_GLU_103,B_ALA_120,B_PHE_121,B_LEU_122,B_ALA_123,B_LEU_125,B_PHE_162,B_TYR_163,B_PHE_166,B_TRP_204,B_HIS_226,B_ILE_232,B_LEU_233,B_HIS_259"
1gd9A,"A_TYR_59,A_GLY_95,A_ALA_96,A_PHE_121,A_TYR_124,A_ASN_167,A_ASN_171,A_ASP_199,A_VAL_201,A_TYR_202,A_SER_232,A_LYS_233,A_THR_234,A_ARG_241,A_THR_264,A_TYR_320,A_ARG_362,A_TYR_365"
3ntdB,"B_GLY_9,B_VAL_10,B_ALA_11,B_GLY_13,B_ALA_14,B_SER_15,B_ALA_18,B_ARG_19,B_ARG_22,B_SER_39,B_PHE_40,B_ASN_42,B_CYS_43,B_LEU_61,B_GLN_62,B_GLU_80,B_SER_112,B_GLY_158,B_ILE_162,B_ALA_300,B_ASP_303,B_LEU_320,B_ALA_321,B_ASN_325,B_ARG_329,B_THR_348,B_GLY_359,B_THR_361,B_ALA_411,B_ALA_413,B_TYR_446,B_ALA_447,B_VAL_533,B_GLY_534,B_GLY_557"
2wtaA,"A_VAL_13,A_VAL_14,A_VAL_15,A_ASP_16,A_VAL_17,A_GLN_18,A_PHE_21,A_THR_52,A_ASP_54,A_HIS_56,A_HIS_60,A_TRP_86,A_HIS_89,A_LYS_114,A_ASP_121,A_SER_122,A_TYR_123,A_SER_124,A_VAL_151,A_GLY_153,A_ILE_154,A_PHE_158,A_CYS_159,A_ALA_161,A_TRP_162,A_THR_163"
2gagB,"B_GLY_28,B_GLY_30,B_GLY_31,B_HIS_32,B_GLY_33,B_LEU_34,B_LEU_52,B_GLU_53,B_LYS_54,B_MET_62,B_ARG_64,B_ASN_65,B_THR_66,B_THR_67,B_ILE_68,B_ILE_69,B_ARG_70,B_ASN_109,B_VAL_197,B_ALA_225,B_GLY_226,B_ALA_227,B_HIS_229,B_GLN_249,B_MET_265,B_TYR_272,B_GLY_284,B_TRP_325,B_ILE_339,B_VAL_349,B_GLY_354,B_THR_355,B_GLY_356,B_GLY_357,B_PHE_358,B_LYS_359,B_GLY_360,B_THR_361,B_ALA_364,B_GLY_365,B_LEU_368,B_VAL_403"
1jszA,"A_TYR_22,A_ALA_27,A_LEU_42,A_TYR_66,A_ALA_70,A_GLY_72,A_ARG_97,A_PHE_115,A_ASP_138,A_VAL_139,A_ARG_140,A_PHE_180,A_ASP_182,A_PRO_202,A_TYR_204,A_GLU_233"
3i5tA,"A_THR_118,A_GLY_119,A_GLY_120,A_SER_121,A_TYR_153,A_HIS_154,A_GLY_155,A_GLU_225,A_SER_257,A_ASP_258,A_VAL_260,A_VAL_261,A_THR_285,A_LYS_288,A_TYR_324,A_THR_325"
2airA,"A_ALA_51,A_SER_52,A_THR_53,A_ARG_54,A_THR_55,A_ARG_105,A_HIS_134,A_PRO_135,A_GLN_137,A_PRO_268,A_ARG_296"
3gwnB,"B_THR_37,B_TRP_40,B_GLY_41,B_THR_42,B_GLY_44,B_TRP_45,B_HIS_49,B_LEU_78,B_CYS_83,B_TYR_87,B_TYR_114,B_HIS_117,B_ASN_118,B_VAL_120,B_ASN_121,B_LEU_124,B_TYR_128,B_LEU_130,B_VAL_135"
2b3yA,"A_GLN_86,A_PHE_88,A_HIS_126,A_ILE_176,A_HIS_178,A_GLN_179,A_ASP_205,A_SER_206,A_HIS_207,A_THR_208,A_THR_209,A_MET_210,A_SER_257,A_THR_258,A_ASN_298,A_CYS_300,A_THR_435,A_SER_436,A_CYS_437,A_THR_438,A_ASN_439,A_THR_440,A_SER_441,A_ASN_442,A_SER_444,A_CYS_503,A_MET_504,A_THR_505,A_CYS_506,A_ILE_507,A_SER_533,A_ASN_535,A_ARG_536,A_ARG_541,A_SER_681,A_ARG_713,A_SER_778,A_SER_779,A_ARG_780,A_HIS_804,A_SER_806"
2o4uX,"X_ALA_1002,X_LEU_1003,X_SER_1009,X_VAL_1010,X_GLY_1011,X_ALA_1036,X_ARG_1037,X_ARG_1041,X_TYR_1058,X_ASN_1102,X_ALA_1103,X_ALA_1104,X_PHE_1154,X_LYS_1156,X_LEU_1158,X_TYR_1180,X_GLN_1233,X_SER_1235,X_ASN_1236,X_THR_1237,X_GLN_1248,X_ASN_1251,X_TRP_1254,X_ARG_1293,X_ARG_1297,X_GLU_1319"
3mkeA,"A_MET_69,A_SER_70,A_GLY_78,A_ALA_79,A_ARG_83,A_ASP_88,A_ASP_104,A_TYR_105,A_SER_130,A_ASN_132,A_GLY_147,A_ALA_150,A_PHE_151,A_GLU_166,A_ASN_170,A_VAL_216,A_ALA_217,A_LEU_220,A_ILE_221,A_VAL_224,A_LEU_225,A_PRO_226,A_ILE_231,A_LYS_234,A_THR_235,A_GLY_236,A_ALA_237,A_ARG_244,A_ILE_246,A_ALA_248,A_LEU_250,A_VAL_261,A_ILE_263,A_ASN_276,A_ILE_279,A_ALA_280,A_ALA_284,A_ILE_287"
2dgmD,"D_TRP_67,D_GLY_125,D_SER_126,D_SER_127,D_GLN_163,D_CYS_165,D_GLY_185,D_THR_208,D_GLY_210,D_THR_212,D_HIS_241,D_ASP_243,D_ALA_244,D_ALA_245,D_GLY_247,D_SER_269,D_SER_271,D_SER_273,D_HIS_275,D_LYS_276,D_GLY_285,D_ILE_366,D_LYS_381,D_LEU_392,D_ILE_418"
3sprA,"A_ASN_42,A_SER_45,A_VAL_46,A_LYS_49,A_ARG_56,A_PHE_119,A_LYS_122,A_MET_123,A_PRO_167,A_ILE_168,A_LEU_218,A_ILE_219,A_LEU_222"
1pvyA,"A_ARG_25,A_GLU_26,A_ASP_30,A_CYS_55,A_TYR_95,A_ASP_96,A_GLU_97,A_LEU_151,A_ARG_161,A_GLY_163,A_HIS_164,A_THR_165,A_ILE_183,A_GLU_185,A_GLU_204,A_ASN_207"
1nfvN,"N_ARG_20,N_ILE_27,N_HIS_28,N_MET_31,N_TYR_35,N_LYS_50,N_MET_57,N_GLU_61,N_ALA_167,N_SER_168,N_LYS_169"
1gvfB,"B_HIS_80,B_ASP_82,B_HIS_83,B_GLU_134,B_LEU_138,B_SER_171,B_HIS_180,B_GLY_181,B_HIS_208,B_GLY_209,B_SER_211,B_ASN_230,B_ALA_232,B_THR_233"
3dszB,"B_TYR_56,B_PHE_83,B_TYR_100,B_TYR_106,B_PHE_122,B_PHE_123,B_LYS_125,B_TYR_132,B_PHE_133"
2ivnA,"A_GLU_7,A_GLY_8,A_THR_9,A_ALA_10,A_GLY_81,A_PRO_82,A_ARG_85,A_ARG_92,A_HIS_107,A_HIS_111,A_TYR_127,A_SER_129,A_GLY_130,A_GLY_131,A_GLY_155,A_ASP_159,A_GLY_172,A_PRO_173,A_GLU_176,A_GLY_252,A_GLY_253,A_VAL_254,A_ALA_256,A_ASN_257,A_TYR_280,A_ARG_284,A_ASP_285,A_ILE_310,A_GLN_313"
4f8yA,"A_HIS_9,A_ASN_16,A_ARG_55,A_PRO_82,A_TRP_84,A_TRP_85,A_SER_86,A_TYR_106,A_TYR_108,A_LEU_113,A_THR_127,A_HIS_128,A_THR_130,A_PHE_133,A_TYR_141,A_PRO_152"
1qa7B,"B_GLN_15,B_VAL_28,B_MET_29,B_HIS_44,B_ARG_97,B_HIS_102,B_VAL_123,B_ASN_124,B_GLY_125,B_THR_126,B_PRO_169,B_GLY_170,B_MET_171,B_CYS_172"
3gteB,"B_CYS_49,B_HIS_51,B_ARG_52,B_CYS_68,B_TYR_70,B_HIS_71,B_HIS_160,B_HIS_165,B_LEU_202,B_ASN_230,B_ILE_232,B_GLY_249,B_HIS_251,B_SER_267,B_TRP_285,B_LEU_290,B_ASP_294"
1wrvB,"B_PHE_36,B_GLY_38,B_ARG_59,B_TYR_95,B_ARG_97,B_ARG_148,B_LYS_159,B_TYR_164,B_GLU_193,B_GLY_194,B_GLY_196,B_GLU_197,B_ILE_219,B_THR_220,B_GLY_255,B_THR_256,B_ALA_257,B_ALA_258"
3cl7B,"B_TYR_35,B_GLU_36,B_GLY_38,B_PHE_53,B_LEU_54,B_PHE_100,B_SER_125,B_HIS_126,B_TRP_130,B_TYR_164,B_THR_165,B_GLY_166,B_ARG_167,B_MET_218,B_HIS_259"
3i95A,"A_GLN_76,A_ILE_86,A_HIS_88,A_CYS_89,A_VAL_90,A_PHE_92,A_PHE_102,A_GLY_103,A_CYS_104,A_ASP_105,A_VAL_107,A_SER_114,A_ALA_115,A_ILE_117,A_ALA_118,A_LEU_120,A_SER_121,A_ARG_149,A_LEU_151,A_TRP_154,A_PHE_158,A_PHE_164,A_GLN_216,A_LYS_221,A_THR_222,A_VAL_225,A_LEU_243,A_PHE_244"
1hf3B,"B_ALA_42,B_THR_43,B_CYS_46,B_ARG_47,B_SER_48,B_HIS_51,B_LEU_57,B_GLY_66,B_HIS_67,B_GLY_71,B_PHE_93,B_CYS_100,B_LEU_116,B_LEU_141,B_THR_143,B_THR_145,B_LEU_171,B_CYS_174,B_THR_178,B_GLY_199,B_LEU_200,B_GLY_201,B_GLY_202,B_VAL_203,B_SER_206,B_VAL_207,B_GLY_221,B_ASP_223,B_ILE_224,B_LYS_228,B_VAL_268,B_ILE_269,B_VAL_292,B_GLY_293,B_VAL_294,B_ALA_317,B_ILE_318,B_PHE_319,B_VAL_328,B_ARG_369"
1wvmB,"B_HIS_65,B_VAL_85,B_THR_127,B_MET_128,B_SER_129,B_ALA_155,B_ALA_156,B_ALA_157,B_GLY_158,B_ASN_159,B_VAL_174,B_VAL_180,B_SER_199,B_GLY_200,B_PRO_332,B_GLY_367,B_THR_368,B_SER_369,B_ALA_371,B_THR_372,B_SER_376,B_ALA_391"
3v4eB,"B_MET_90,B_GLY_104,B_TYR_110,B_ALA_112,B_HIS_114,B_TRP_138,B_GLY_140,B_GLY_141,B_LEU_146,B_GLY_158,B_ALA_159,B_THR_164,B_LYS_165,B_LEU_172,B_VAL_174,B_ASN_176,B_PRO_177,B_ARG_182"
1h7wD,"D_ALA_112,D_GLY_123,D_CYS_126,D_VAL_129,D_PRO_131,D_GLY_194,D_GLY_196,D_PRO_197,D_ALA_198,D_SER_199,D_SER_201,D_CYS_202,D_ALA_203,D_GLU_218,D_GLY_225,D_LEU_226,D_GLU_230,D_ILE_231,D_ARG_235,D_LYS_259,D_SER_260,D_LEU_261,D_GLY_282,D_ILE_283,D_GLY_284,D_PRO_286,D_LEU_310,D_ASP_342,D_THR_343,D_ASP_346,D_PRO_393,D_ALA_437,D_PHE_438,D_GLY_479,D_GLY_480,D_ASP_481,D_MET_485,D_ASN_487,D_THR_488,D_THR_489,D_SER_492,D_VAL_493,D_ALA_549,D_SER_550,D_ASN_609,D_GLU_611,D_ILE_613,D_SER_640,D_ASN_668,D_SER_670,D_CYS_684,D_GLY_685,D_THR_733,D_ALA_734,D_THR_735,D_ASN_736,D_THR_737,D_SER_766,D_THR_793,D_GLY_794,D_GLY_795,D_ALA_810,D_CYS_816,D_SER_817,D_GLN_820,D_TYR_968,D_ILE_971,D_THR_987"
3qgpA,"A_ASN_6,A_ARG_21,A_PHE_22,A_ARG_25,A_GLN_26,A_GLY_27,A_ILE_28,A_THR_55,A_TRP_57,A_PHE_63,A_TRP_66,A_HIS_76,A_VAL_79,A_ILE_92,A_ASN_95,A_VAL_97"
2uxwA,"A_LEU_144,A_TYR_160,A_VAL_164,A_VAL_174,A_GLY_175,A_ILE_176,A_LEU_178,A_GLY_179,A_ILE_184,A_PHE_214,A_LEU_216,A_THR_217,A_GLY_222,A_SER_223,A_TRP_249,A_ILE_250,A_SER_251,A_PHE_262,A_LYS_299,A_LEU_337,A_PHE_369,A_ILE_457,A_PHE_461,A_GLU_462,A_GLY_463,A_THR_464,A_ASP_466,A_ILE_467,A_GLN_562"
3p24A,"A_MET_77,A_PHE_93,A_ASP_194,A_ASP_297,A_HIS_348,A_GLU_349,A_HIS_352,A_HIS_358,A_SER_378"
3kvmA,"A_TYR_38,A_MET_43,A_LEU_46,A_PRO_52,A_ALA_55,A_HIS_56,A_ALA_59,A_PHE_62,A_THR_63,A_LEU_67,A_LEU_68,A_ALA_95,A_ALA_96,A_GLY_97,A_PHE_98,A_LYS_100,A_MET_111,A_PHE_113,A_SER_120,A_VAL_121,A_VAL_134,A_ARG_136,A_ASN_181,A_LEU_182,A_ASN_212,A_ILE_330,A_GLY_332,A_GLY_335,A_TYR_356,A_LEU_359,A_THR_360,A_PRO_364"
1af7A,"A_ALA_38,A_LEU_89,A_THR_90,A_THR_91,A_ASN_92,A_LEU_93,A_THR_94,A_ARG_98,A_ALA_123,A_ALA_124,A_SER_125,A_GLY_127,A_GLU_129,A_ALA_134,A_THR_136,A_ASP_154,A_ILE_155,A_ASP_156,A_THR_157,A_GLU_158,A_VAL_211,A_ASN_212,A_LEU_213,A_ARG_230,A_ASN_231,A_VAL_232,A_PHE_236"
2gepA,"A_LEU_81,A_ARG_83,A_ARG_113,A_THR_115,A_ASN_116,A_ARG_117,A_GLN_118,A_THR_119,A_GLN_121,A_HIS_123,A_ARG_153,A_CYS_157,A_THR_158,A_LYS_215,A_LYS_217,A_THR_218,A_ASN_233,A_GLY_256,A_LEU_257,A_SER_258,A_LYS_306,A_ARG_391,A_THR_393,A_ALA_394,A_GLN_396,A_CYS_434,A_VAL_435,A_THR_439,A_CYS_440,A_PRO_441,A_LEU_442,A_ALA_443,A_THR_477,A_GLY_478,A_ASN_481,A_GLY_482,A_CYS_483,A_GLY_484,A_ARG_485"
2o9vA,A_GLU_856
2fmkA,"A_SER_15,A_ASP_41,A_ASP_57,A_TRP_58,A_ASN_59,A_ALA_88,A_LYS_109"
3rwlA,"A_ASP_67,A_PHE_101,A_ILE_102,A_HIS_109,A_ARG_113,A_ILE_119,A_MET_163,A_LEU_167,A_LEU_251,A_LEU_252,A_GLY_255,A_GLY_256,A_THR_259,A_THR_260,A_ASN_262,A_SER_263,A_MET_264,A_GLY_266,A_GLY_267,A_PRO_301,A_LEU_302,A_ARG_307,A_TYR_330,A_SER_358,A_PHE_359,A_GLY_360,A_PHE_361,A_ILE_363,A_HIS_364,A_ARG_365,A_CYS_366,A_VAL_367,A_GLY_368,A_ALA_372,A_PHE_403"
2zfoD,"D_PHE_36,D_PHE_39,D_MET_49,D_PHE_50,D_GLN_64,D_ARG_67,D_VAL_68,D_GLY_71,D_ALA_72,D_LEU_92,D_HIS_96,D_ILE_99,D_VAL_107,D_LEU_110,D_ILE_141"
2yl8A,"A_ARG_196,A_HIS_297,A_ASP_299,A_ARG_324,A_ASP_329,A_ASP_360,A_GLN_361,A_ASN_364,A_TRP_372,A_VAL_388,A_PHE_415,A_ASN_422,A_TRP_439,A_TRP_443,A_ASP_447,A_TRP_468,A_TYR_469,A_ASP_477,A_TRP_481,A_TYR_482,A_ASP_485,A_TRP_517,A_ASP_519,A_GLU_550,A_GLU_553"
